Borehole,Longitude,Latitude,link,Data Contact,Country,Geothermal Gradient,Intercept
CA-0001,-93.94,51.13,http://geothermal.earth.lsa.umich.edu/DATA/CA-0001.html,J-C Mareschal,CA,8.528744058974315,3.9098646994470236
CA-0002,-93.86,51.18,http://geothermal.earth.lsa.umich.edu/DATA/CA-0002.html,J-C Mareschal,CA,9.473555975511141,2.824202914060278
CA-0003,-93.17,50.96,http://geothermal.earth.lsa.umich.edu/DATA/CA-0003.html,J-C Mareschal,CA,10.100749657068667,3.2976162126109614
CA-0004,-93.14,50.99,http://geothermal.earth.lsa.umich.edu/DATA/CA-0004.html,J-C Mareschal,CA,10.481880890312487,3.3635065754702227
CA-0005,-92.89,51.12,http://geothermal.earth.lsa.umich.edu/DATA/CA-0005.html,J-C Mareschal,CA,8.589055956982149,3.4976439591456145
CA-0006,-91.11,49.97,http://geothermal.earth.lsa.umich.edu/DATA/CA-0006.html,J-C Mareschal,CA,8.64952828563268,3.9049657911511866
CA-0007,-91.12,49.99,http://geothermal.earth.lsa.umich.edu/DATA/CA-0007.html,J-C Mareschal,CA,10.115339912273356,2.7041236628744514
CA-0008,-89.65,49.21,http://geothermal.earth.lsa.umich.edu/DATA/CA-0008.html,J-C Mareschal,CA,10.717101830239294,3.449499655329623
CA-0009,-89.65,49.22,http://geothermal.earth.lsa.umich.edu/DATA/CA-0009.html,J-C Mareschal,CA,10.441014022641662,3.4407600407315346
CA-001-0,-75.72,45.4,http://geothermal.earth.lsa.umich.edu/DATA/CA-001-0.html,A.M. Jessop,CA,13.903265265604443,7.694266537436555
CA-0010,-89.49,48.29,http://geothermal.earth.lsa.umich.edu/DATA/CA-0010.html,J-C Mareschal,CA,8.670175438596486,5.802105263157892
CA-0011,-89.63,48.31,http://geothermal.earth.lsa.umich.edu/DATA/CA-0011.html,J-C Mareschal,CA,14.275339688801234,4.44529695375849
CA-0012,-85.9,49.17,http://geothermal.earth.lsa.umich.edu/DATA/CA-0012.html,J-C Mareschal,CA,9.828950095299678,3.6377796316003965
CA-0013,-85.9,49.23,http://geothermal.earth.lsa.umich.edu/DATA/CA-0013.html,J-C Mareschal,CA,10.42627968459891,3.4365266577985727
CA-0015,-98.26,55.53,http://geothermal.earth.lsa.umich.edu/DATA/CA-0015.html,J-C Mareschal,CA,12.727103260612198,1.5772695399228427
CA-0016,-97.64,56.01,http://geothermal.earth.lsa.umich.edu/DATA/CA-0016.html,J-C Mareschal,CA,15.650088349223406,0.7558884413325602
CA-0017,-97.95,55.71,http://geothermal.earth.lsa.umich.edu/DATA/CA-0017.html,J-C Mareschal,CA,15.603947836091685,0.69106414844065
CA-0018,-101.11,56.94,http://geothermal.earth.lsa.umich.edu/DATA/CA-0018.html,J-C Mareschal,CA,9.108388172159549,0.867541709066677
CA-0019,-101.22,56.96,http://geothermal.earth.lsa.umich.edu/DATA/CA-0019.html,J-C Mareschal,CA,6.722900978771212,1.8477747092036667
CA-002-0,-63.59,44.64,http://geothermal.earth.lsa.umich.edu/DATA/CA-002-0.html,K. Wang,CA,11.839864764089981,7.606296532778827
CA-0020,-98.16,55.51,http://geothermal.earth.lsa.umich.edu/DATA/CA-0020.html,J-C Mareschal,CA,10.815017672661034,1.8496461514282854
CA-0021,-98.27,55.51,http://geothermal.earth.lsa.umich.edu/DATA/CA-0021.html,J-C Mareschal,CA,11.74382270905884,1.7420221997681011
CA-0022,-98.26,55.57,http://geothermal.earth.lsa.umich.edu/DATA/CA-0022.html,J-C Mareschal,CA,13.934695229265419,1.5368090077343528
CA-005-0,-74.02,45.82,http://geothermal.earth.lsa.umich.edu/DATA/CA-005-0.html,K. Wang,CA,10.434047905215627,6.689919522627754
CA-005-1,-74.01,45.82,http://geothermal.earth.lsa.umich.edu/DATA/CA-005-1.html,K. Wang,CA,10.625035956393656,6.599056062357062
CA-006-0,-72.25,48.53,http://geothermal.earth.lsa.umich.edu/DATA/CA-006-0.html,K. Wang,CA,14.392747178841665,4.66771492593174
CA-008-0,-130.01,58.65,http://geothermal.earth.lsa.umich.edu/DATA/CA-008-0.html,A.M. Jessop,CA,20.62410581908558,1.491356382121533
CA-010-0,-130.85,57.89,http://geothermal.earth.lsa.umich.edu/DATA/CA-010-0.html,A.M. Jessop,CA,32.54804381989161,1.4584699808778674
CA-0101,-94.07,48.85,http://geothermal.earth.lsa.umich.edu/DATA/CA-0101.html,J-C Mareschal,CA,6.59624792631491,5.058938503344112
CA-0102,-94.13,48.97,http://geothermal.earth.lsa.umich.edu/DATA/CA-0102.html,J-C Mareschal,CA,10.17608669949088,4.41282935389533
CA-0103,-93.8,49.37,http://geothermal.earth.lsa.umich.edu/DATA/CA-0103.html,J-C Mareschal,CA,7.974617370630758,4.949488668318459
CA-0104,-93.75,49.38,http://geothermal.earth.lsa.umich.edu/DATA/CA-0104.html,J-C Mareschal,CA,9.09563562135511,4.836228434681231
CA-0106,-94.15,48.94,http://geothermal.earth.lsa.umich.edu/DATA/CA-0106.html,J-C Mareschal,CA,9.532466495614248,4.477970506865773
CA-0107,-92.75,49.82,http://geothermal.earth.lsa.umich.edu/DATA/CA-0107.html,J-C Mareschal,CA,11.2772608717225,3.4838234889197226
CA-0108,-92.7,49.83,http://geothermal.earth.lsa.umich.edu/DATA/CA-0108.html,J-C Mareschal,CA,11.100361576107257,3.6264069133063677
CA-011-0,-80.94,49.1,http://geothermal.earth.lsa.umich.edu/DATA/CA-011-0.html,A.M. Jessop,CA,13.38489281546807,2.8883517538938293
CA-0110,-94.7,50.38,http://geothermal.earth.lsa.umich.edu/DATA/CA-0110.html,J-C Mareschal,CA,17.60288289177163,4.601030604171113
CA-0111,-94.71,50.39,http://geothermal.earth.lsa.umich.edu/DATA/CA-0111.html,J-C Mareschal,CA,17.075208786788483,4.616791835346033
CA-0112,-89.03,49.12,http://geothermal.earth.lsa.umich.edu/DATA/CA-0112.html,J-C Mareschal,CA,20.188049853372448,2.8670692815249286
CA-0114,-98.23,55.51,http://geothermal.earth.lsa.umich.edu/DATA/CA-0114.html,J-C Mareschal,CA,9.032560855328763,4.851806084970053
CA-0115,-98.27,55.54,http://geothermal.earth.lsa.umich.edu/DATA/CA-0115.html,J-C Mareschal,CA,14.520687287848979,1.1590825758856007
CA-012-0,-82.38,49.42,http://geothermal.earth.lsa.umich.edu/DATA/CA-012-0.html,K. Wang,CA,9.600379825855509,3.3821988411637145
CA-013-0,-83.53,49.69,http://geothermal.earth.lsa.umich.edu/DATA/CA-013-0.html,K. Wang,CA,12.946824829802917,3.286348256695125
CA-013-1,-83.54,49.69,http://geothermal.earth.lsa.umich.edu/DATA/CA-013-1.html,K. Wang,CA,13.10198807966795,3.18209533138498
CA-014-0,-86.98,48.86,http://geothermal.earth.lsa.umich.edu/DATA/CA-014-0.html,K. Wang,CA,11.91990607460559,3.458008314508316
CA-015-0,-89.6,51.83,http://geothermal.earth.lsa.umich.edu/DATA/CA-015-0.html,K. Wang,CA,7.714819127507763,2.493836201399641
CA-015-1,-89.6,51.83,http://geothermal.earth.lsa.umich.edu/DATA/CA-015-1.html,K. Wang,CA,7.531026962607625,2.533547856229247
CA-016-0,-90.48,50.71,http://geothermal.earth.lsa.umich.edu/DATA/CA-016-0.html,K. Wang,CA,11.98666134954287,3.5982884268638493
CA-016-1,-90.48,50.71,http://geothermal.earth.lsa.umich.edu/DATA/CA-016-1.html,K. Wang,CA,12.03253853444239,3.5544709598947883
CA-017-0,-91.37,49.77,http://geothermal.earth.lsa.umich.edu/DATA/CA-017-0.html,K. Wang,CA,11.128988044413951,3.7204892991374985
CA-018-0,-66.0,43.76,http://geothermal.earth.lsa.umich.edu/DATA/CA-018-0.html,A.M. Jessop,CA,17.434058924774725,7.509869056056156
CA-018-1,-66.0,43.76,http://geothermal.earth.lsa.umich.edu/DATA/CA-018-1.html,K. Wang,CA,17.422916175291277,7.512044341714233
CA-0201,-89.14,50.18,http://geothermal.earth.lsa.umich.edu/DATA/CA-0201.html,J-C Mareschal,CA,9.310455258412107,2.666513343351065
CA-0203,-93.85,51.14,http://geothermal.earth.lsa.umich.edu/DATA/CA-0203.html,J-C Mareschal,CA,8.684433579702283,4.1555618429896874
CA-0204,-92.08,49.48,http://geothermal.earth.lsa.umich.edu/DATA/CA-0204.html,J-C Mareschal,CA,9.63166662608787,4.042578031635244
CA-0209,-92.2,48.66,http://geothermal.earth.lsa.umich.edu/DATA/CA-0209.html,J-C Mareschal,CA,10.700821989029217,5.275219136915316
CA-0301,-91.37,49.06,http://geothermal.earth.lsa.umich.edu/DATA/CA-0301.html,J-C Mareschal,CA,10.290711060900296,3.790037659467554
CA-0302,-91.36,49.14,http://geothermal.earth.lsa.umich.edu/DATA/CA-0302.html,J-C Mareschal,CA,9.34571876036924,3.4602254213707115
CA-0303,-90.79,48.6,http://geothermal.earth.lsa.umich.edu/DATA/CA-0303.html,J-C Mareschal,CA,9.953030251799028,3.766108740240968
CA-0304,-90.78,48.63,http://geothermal.earth.lsa.umich.edu/DATA/CA-0304.html,J-C Mareschal,CA,10.203747745905053,3.8197745000166416
CA-0306,-88.09,50.52,http://geothermal.earth.lsa.umich.edu/DATA/CA-0306.html,J-C Mareschal,CA,10.35241962405082,2.4158045718301677
CA-0307,-88.1,50.51,http://geothermal.earth.lsa.umich.edu/DATA/CA-0307.html,J-C Mareschal,CA,11.271847191169478,2.1168167281535726
CA-0308,-87.97,50.52,http://geothermal.earth.lsa.umich.edu/DATA/CA-0308.html,J-C Mareschal,CA,11.404498150139231,2.1854763867309366
CA-0309,-89.23,49.77,http://geothermal.earth.lsa.umich.edu/DATA/CA-0309.html,J-C Mareschal,CA,11.878507554733272,3.235494912118409
CA-0310,-89.14,50.18,http://geothermal.earth.lsa.umich.edu/DATA/CA-0310.html,J-C Mareschal,CA,20.591625615763554,2.795467980295566
CA-0311,-88.93,49.2,http://geothermal.earth.lsa.umich.edu/DATA/CA-0311.html,J-C Mareschal,CA,19.11256683355279,3.424175717761388
CA-0312,-87.95,48.95,http://geothermal.earth.lsa.umich.edu/DATA/CA-0312.html,J-C Mareschal,CA,14.957206918203962,4.437740465960635
CA-0314,-81.44,48.74,http://geothermal.earth.lsa.umich.edu/DATA/CA-0314.html,J-C Mareschal,CA,8.167116454038247,3.696007784206294
CA-0315,-81.44,48.74,http://geothermal.earth.lsa.umich.edu/DATA/CA-0315.html,J-C Mareschal,CA,8.351010999462238,3.4655836541396248
CA-0316,-80.87,46.66,http://geothermal.earth.lsa.umich.edu/DATA/CA-0316.html,J-C Mareschal,CA,13.20942963576531,4.915321422323575
CA-051-0,-76.06,45.01,http://geothermal.earth.lsa.umich.edu/DATA/CA-051-0.html,A.M. Jessop,CA,10.463495971082997,6.89027849005348
CA-054-0,-63.48,44.92,http://geothermal.earth.lsa.umich.edu/DATA/CA-054-0.html,K. Wang,CA,12.937202819169288,6.465085875956634
CA-056-0,-63.45,46.27,http://geothermal.earth.lsa.umich.edu/DATA/CA-056-0.html,A.M. Jessop,CA,13.677930011205337,5.65120466659735
CA-057-0,-77.24,43.86,http://geothermal.earth.lsa.umich.edu/DATA/CA-057-0.html,A.M. Jessop,CA,20.82356431318784,8.477527698388622
CA-065-0,-63.45,45.78,http://geothermal.earth.lsa.umich.edu/DATA/CA-065-0.html,A.M. Jessop,CA,15.559933126355917,6.849561930567123
CA-066-0,-114.42,62.51,http://geothermal.earth.lsa.umich.edu/DATA/CA-066-0.html,A.M. Jessop,CA,14.058372602483903,3.19641284741901
CA-067-1,-81.3,46.65,http://geothermal.earth.lsa.umich.edu/DATA/CA-067-1.html,A.M. Jessop,CA,11.737803463884756,5.416393984309622
CA-067-2,-81.39,46.63,http://geothermal.earth.lsa.umich.edu/DATA/CA-067-2.html,A.M. Jessop,CA,13.76534570916878,4.962362571124231
CA-067-3,-81.43,46.61,http://geothermal.earth.lsa.umich.edu/DATA/CA-067-3.html,A.M. Jessop,CA,11.683193574025266,6.645627675298639
CA-067-4,-81.44,46.38,http://geothermal.earth.lsa.umich.edu/DATA/CA-067-4.html,A.M. Jessop,CA,12.878828789184247,5.726100798105046
CA-067-5,-81.39,46.41,http://geothermal.earth.lsa.umich.edu/DATA/CA-067-5.html,A.M. Jessop,CA,13.397002747211868,5.2398322476092085
CA-067-6,-81.08,46.52,http://geothermal.earth.lsa.umich.edu/DATA/CA-067-6.html,K. Wang,CA,15.399814164035623,5.670806466582965
CA-067-7,-81.32,46.43,http://geothermal.earth.lsa.umich.edu/DATA/CA-067-7.html,A.M. Jessop,CA,15.413471709603353,5.416589199590246
CA-067-8,-81.16,46.55,http://geothermal.earth.lsa.umich.edu/DATA/CA-067-8.html,A.M. Jessop,CA,10.635225457877034,5.747430726820588
CA-067-9,-81.34,46.65,http://geothermal.earth.lsa.umich.edu/DATA/CA-067-9.html,A.M. Jessop,CA,11.945303156112834,5.765268349863477
CA-069-0,-74.35,49.88,http://geothermal.earth.lsa.umich.edu/DATA/CA-069-0.html,A.M. Jessop,CA,6.981415765907482,3.0696051735094088
CA-072-2,-117.19,49.15,http://geothermal.earth.lsa.umich.edu/DATA/CA-072-2.html,A.M. Jessop,CA,30.789296886492373,5.633393418395324
CA-074-0,-116.86,49.76,http://geothermal.earth.lsa.umich.edu/DATA/CA-074-0.html,A.M. Jessop,CA,56.64386479161169,7.700498701408066
CA-081-1,-121.56,52.63,http://geothermal.earth.lsa.umich.edu/DATA/CA-081-1.html,A.M. Jessop,CA,27.148255528513353,3.346192494628829
CA-081-2,-121.56,52.63,http://geothermal.earth.lsa.umich.edu/DATA/CA-081-2.html,A.M. Jessop,CA,27.221637547865146,3.487551410533967
CA-083-0,-94.2,51.0,http://geothermal.earth.lsa.umich.edu/DATA/CA-083-0.html,A.M. Jessop,CA,9.934735614238523,3.2788415530158748
CA-084-1,-85.85,49.18,http://geothermal.earth.lsa.umich.edu/DATA/CA-084-1.html,K. Wang,CA,10.352391455857353,3.36876025314455
CA-084-2,-85.81,49.19,http://geothermal.earth.lsa.umich.edu/DATA/CA-084-2.html,A.M. Jessop,CA,10.7910371347122,3.1656068805703192
CA-084-3,-85.85,49.19,http://geothermal.earth.lsa.umich.edu/DATA/CA-084-3.html,K. Wang,CA,9.50734232868995,3.6594669390110446
CA-084-4,-85.81,49.18,http://geothermal.earth.lsa.umich.edu/DATA/CA-084-4.html,K. Wang,CA,9.715195199809347,3.7518044318813866
CA-084-6,-85.85,49.18,http://geothermal.earth.lsa.umich.edu/DATA/CA-084-6.html,K. Wang,CA,9.370638984840713,3.7446934761604327
CA-084-7,-85.85,49.18,http://geothermal.earth.lsa.umich.edu/DATA/CA-084-7.html,K. Wang,CA,9.733156181873008,3.6609928308266393
CA-096-0,-64.68,48.86,http://geothermal.earth.lsa.umich.edu/DATA/CA-096-0.html,K. Wang,CA,14.574876534080495,3.861567119589269
CA-103-3,-65.53,48.95,http://geothermal.earth.lsa.umich.edu/DATA/CA-103-3.html,A.M. Jessop,CA,11.059108294880117,5.237422938225441
CA-103-5,-65.53,48.95,http://geothermal.earth.lsa.umich.edu/DATA/CA-103-5.html,A.M. Jessop,CA,9.900871670004252,5.548526197083227
CA-103-6,-65.53,48.95,http://geothermal.earth.lsa.umich.edu/DATA/CA-103-6.html,A.M. Jessop,CA,9.492091871580074,6.29646980864316
CA-104-2,-115.89,49.69,http://geothermal.earth.lsa.umich.edu/DATA/CA-104-2.html,A.M. Jessop,CA,26.559513506465628,5.605600294103802
CA-104-3,-115.94,49.68,http://geothermal.earth.lsa.umich.edu/DATA/CA-104-3.html,A.M. Jessop,CA,23.6156459550542,5.521512084248506
CA-104-9,-116.0,49.72,http://geothermal.earth.lsa.umich.edu/DATA/CA-104-9.html,A.M. Jessop,CA,21.013384670523724,24.85607747791902
CA-113-2,-56.0,48.0,http://geothermal.earth.lsa.umich.edu/DATA/CA-113-2.html,A.M. Jessop,CA,9.610612863246969,5.29584233572055
CA-115-3,-126.69,56.6,http://geothermal.earth.lsa.umich.edu/DATA/CA-115-3.html,A.M. Jessop,CA,20.23875522868603,0.4450925807599217
CA-115-8,-126.69,56.6,http://geothermal.earth.lsa.umich.edu/DATA/CA-115-8.html,A.M. Jessop,CA,19.024831791842498,0.11410485835386452
CA-117-1,-91.0,49.88,http://geothermal.earth.lsa.umich.edu/DATA/CA-117-1.html,A.M. Jessop,CA,8.397959209811782,5.242708839240278
CA-117-2,-90.88,49.88,http://geothermal.earth.lsa.umich.edu/DATA/CA-117-2.html,A.M. Jessop,CA,7.080621266300132,4.115022334743693
CA-118-0,-120.47,50.65,http://geothermal.earth.lsa.umich.edu/DATA/CA-118-0.html,A.M. Jessop,CA,30.65138814911544,8.496975603329414
CA-126-0,-85.9,50.1,http://geothermal.earth.lsa.umich.edu/DATA/CA-126-0.html,K. Wang,CA,14.020389277063929,3.4267631075424414
CA-127-1,-77.43,46.05,http://geothermal.earth.lsa.umich.edu/DATA/CA-127-1.html,A.M. Jessop,CA,8.592043691388023,7.2443936635080455
CA-127-6,-77.43,46.05,http://geothermal.earth.lsa.umich.edu/DATA/CA-127-6.html,A.M. Jessop,CA,9.248032706404684,7.107327496772795
CA-136-1,-102.04,54.64,http://geothermal.earth.lsa.umich.edu/DATA/CA-136-1.html,K. Wang,CA,12.358962496474396,1.9152198298915402
CA-136-2,-101.88,54.78,http://geothermal.earth.lsa.umich.edu/DATA/CA-136-2.html,A.M. Jessop,CA,7.3146795859882365,3.1018193328350985
CA-137-1,-99.97,54.89,http://geothermal.earth.lsa.umich.edu/DATA/CA-137-1.html,K. Wang,CA,9.930229484151905,2.2404118489280282
CA-138-0,-97.77,55.73,http://geothermal.earth.lsa.umich.edu/DATA/CA-138-0.html,K. Wang,CA,17.378629635797104,0.39527742358429496
CA-143-1,-66.67,46.93,http://geothermal.earth.lsa.umich.edu/DATA/CA-143-1.html,A.M. Jessop,CA,23.61141328778945,5.704057655999293
CA-144-0,-66.68,45.68,http://geothermal.earth.lsa.umich.edu/DATA/CA-144-0.html,K. Wang,CA,26.394494188380136,5.9711913935705905
CA-145-15,-95.85,50.25,http://geothermal.earth.lsa.umich.edu/DATA/CA-145-15.html,A.M. Jessop,CA,9.681369367288143,6.063355761115163
CA-149-1,-101.1,56.8,http://geothermal.earth.lsa.umich.edu/DATA/CA-149-1.html,K. Wang,CA,7.153914373596895,0.8866168479361385
CA-149-2,-100.95,56.9,http://geothermal.earth.lsa.umich.edu/DATA/CA-149-2.html,A.M. Jessop,CA,7.547358088684401,0.7657501507045206
CA-150-1,-101.65,56.63,http://geothermal.earth.lsa.umich.edu/DATA/CA-150-1.html,K. Wang,CA,11.469117203642945,1.3459913898435252
CA-152-1,-56.05,49.91,http://geothermal.earth.lsa.umich.edu/DATA/CA-152-1.html,K. Wang,CA,12.195036361731262,4.447940945183411
CA-152-2,-56.05,49.91,http://geothermal.earth.lsa.umich.edu/DATA/CA-152-2.html,A.M. Jessop,CA,12.340732263617864,4.348582583630904
CA-152-3,-56.08,49.9,http://geothermal.earth.lsa.umich.edu/DATA/CA-152-3.html,A.M. Jessop,CA,11.650794855990597,4.285016268777222
CA-156-0,-78.44,48.65,http://geothermal.earth.lsa.umich.edu/DATA/CA-156-0.html,K. Wang,CA,7.48024857924703,4.042867190538216
CA-162-1,-119.81,51.52,http://geothermal.earth.lsa.umich.edu/DATA/CA-162-1.html,A.M. Jessop,CA,26.118912115527806,1.1621538524758037
CA-162-2,-119.81,51.52,http://geothermal.earth.lsa.umich.edu/DATA/CA-162-2.html,A.M. Jessop,CA,26.53124798143973,1.591856991143502
CA-163-1,-125.61,49.58,http://geothermal.earth.lsa.umich.edu/DATA/CA-163-1.html,A.M. Jessop,CA,15.77483637877052,5.780600024117068
CA-164-0,-69.46,47.61,http://geothermal.earth.lsa.umich.edu/DATA/CA-164-0.html,K. Wang,CA,12.149291280857456,5.094960677068423
CA-182-0,-120.51,50.66,http://geothermal.earth.lsa.umich.edu/DATA/CA-182-0.html,A.M. Jessop,CA,33.621868034343294,8.398353375505659
CA-187-1,-124.43,54.63,http://geothermal.earth.lsa.umich.edu/DATA/CA-187-1.html,A.M. Jessop,CA,22.635632991093345,7.147737603439532
CA-187-2,-124.43,54.63,http://geothermal.earth.lsa.umich.edu/DATA/CA-187-2.html,A.M. Jessop,CA,21.272661451788206,8.438406499471927
CA-289-1,-133.75,60.99,http://geothermal.earth.lsa.umich.edu/DATA/CA-289-1.html,A.M. Jessop,CA,19.958200916177933,-0.25565648474738156
CA-289-2,-133.75,60.99,http://geothermal.earth.lsa.umich.edu/DATA/CA-289-2.html,A.M. Jessop,CA,18.303884367993042,0.702659946608048
CA-289-4,-133.75,60.99,http://geothermal.earth.lsa.umich.edu/DATA/CA-289-4.html,A.M. Jessop,CA,20.400115177708326,0.5705057074773908
CA-290-1,-129.22,62.47,http://geothermal.earth.lsa.umich.edu/DATA/CA-290-1.html,A.M. Jessop,CA,20.805827898023907,0.7420979948208739
CA-297-3,-127.33,60.35,http://geothermal.earth.lsa.umich.edu/DATA/CA-297-3.html,A.M. Jessop,CA,28.69743321133423,1.0199989367606808
CA-298-1,-95.44,50.43,http://geothermal.earth.lsa.umich.edu/DATA/CA-298-1.html,A.M. Jessop,CA,11.088445389803095,3.8914701179202673
CA-298-2,-95.42,50.42,http://geothermal.earth.lsa.umich.edu/DATA/CA-298-2.html,A.M. Jessop,CA,10.977182664676087,5.693630354160396
CA-298-3,-95.41,50.42,http://geothermal.earth.lsa.umich.edu/DATA/CA-298-3.html,A.M. Jessop,CA,8.950388026849712,6.523930961218879
CA-298-4,-95.45,50.42,http://geothermal.earth.lsa.umich.edu/DATA/CA-298-4.html,A.M. Jessop,CA,7.333063999003395,7.37458591574725
CA-402-1,-62.6,45.54,http://geothermal.earth.lsa.umich.edu/DATA/CA-402-1.html,A.M. Jessop,CA,30.958996560637466,6.28162778846913
CA-402-5,-62.63,45.63,http://geothermal.earth.lsa.umich.edu/DATA/CA-402-5.html,A.M. Jessop,CA,28.48580874564837,6.937446633895222
CA-403-0,-65.25,45.73,http://geothermal.earth.lsa.umich.edu/DATA/CA-403-0.html,A.M. Jessop,CA,13.24887432667763,6.627281674173531
CA-405-0,-66.3,47.56,http://geothermal.earth.lsa.umich.edu/DATA/CA-405-0.html,A.M. Jessop,CA,12.96298776189623,4.284476378356992
CA-407-1,-57.38,49.29,http://geothermal.earth.lsa.umich.edu/DATA/CA-407-1.html,A.M. Jessop,CA,24.974184453116685,4.71090093117048
CA-415-0,-65.88,47.72,http://geothermal.earth.lsa.umich.edu/DATA/CA-415-0.html,A.M. Jessop,CA,17.850353210076843,4.619725483061934
CA-436-1,-82.43,48.3,http://geothermal.earth.lsa.umich.edu/DATA/CA-436-1.html,K. Wang,CA,7.419635209086465,4.6008816338700385
CA-436-3,-82.43,48.3,http://geothermal.earth.lsa.umich.edu/DATA/CA-436-3.html,A.M. Jessop,CA,9.197708343446731,4.361848399943192
CA-436-4,-82.43,48.3,http://geothermal.earth.lsa.umich.edu/DATA/CA-436-4.html,K. Wang,CA,9.648814932517682,4.279623376374566
CA-437-3,-82.41,47.94,http://geothermal.earth.lsa.umich.edu/DATA/CA-437-3.html,K. Wang,CA,12.265422890423261,3.7943884367008436
CA-437-4,-82.41,47.94,http://geothermal.earth.lsa.umich.edu/DATA/CA-437-4.html,A.M. Jessop,CA,10.349245303288763,3.963489749053155
CA-438-1,-77.74,49.71,http://geothermal.earth.lsa.umich.edu/DATA/CA-438-1.html,K. Wang,CA,10.639852440472906,2.7505520326734643
CA-438-2,-77.64,49.78,http://geothermal.earth.lsa.umich.edu/DATA/CA-438-2.html,K. Wang,CA,10.053022298038982,2.7829698079049523
CA-442-18,-106.96,50.92,http://geothermal.earth.lsa.umich.edu/DATA/CA-442-18.html,A.M. Jessop,CA,26.59332260175369,5.6282120915573195
CA-442-22,-107.0,50.95,http://geothermal.earth.lsa.umich.edu/DATA/CA-442-22.html,A.M. Jessop,CA,29.352145596997953,4.780049929519108
CA-442-3,-106.86,50.88,http://geothermal.earth.lsa.umich.edu/DATA/CA-442-3.html,A.M. Jessop,CA,26.703989926796247,4.700345748620549
CA-442-6,-106.9,50.9,http://geothermal.earth.lsa.umich.edu/DATA/CA-442-6.html,K. Wang,CA,24.53910725374614,4.893226418432676
CA-655-0,-100.55,49.03,http://geothermal.earth.lsa.umich.edu/DATA/CA-655-0.html,J. Majorowicz,CA,33.26078710289239,4.593672356567097
CA-8705,-72.95,46.49,http://geothermal.earth.lsa.umich.edu/DATA/CA-8705.html,J-C Mareschal,CA,9.100000000000005,6.103
CA-8706,-79.1,48.28,http://geothermal.earth.lsa.umich.edu/DATA/CA-8706.html,J-C Mareschal,CA,6.663614163614161,4.4042836792836795
CA-8707,-79.09,48.28,http://geothermal.earth.lsa.umich.edu/DATA/CA-8707.html,J-C Mareschal,CA,7.008843148465796,4.675274124896765
CA-8708,-77.56,48.1,http://geothermal.earth.lsa.umich.edu/DATA/CA-8708.html,J-C Mareschal,CA,6.650396952814454,4.13635540643875
CA-8709,-77.56,48.1,http://geothermal.earth.lsa.umich.edu/DATA/CA-8709.html,J-C Mareschal,CA,7.710525319184292,3.956000679391184
CA-8720,-65.96,48.83,http://geothermal.earth.lsa.umich.edu/DATA/CA-8720.html,J-C Mareschal,CA,14.214069264069265,2.7922662337662345
CA-8721,-66.02,48.82,http://geothermal.earth.lsa.umich.edu/DATA/CA-8721.html,J-C Mareschal,CA,15.445849802371542,2.680273166447081
CA-8723,-66.13,48.8,http://geothermal.earth.lsa.umich.edu/DATA/CA-8723.html,J-C Mareschal,CA,16.162800060165814,2.9297351028812324
CA-8725,-66.15,48.79,http://geothermal.earth.lsa.umich.edu/DATA/CA-8725.html,J-C Mareschal,CA,14.42503067529255,2.313290288170368
CA-8736,-75.85,49.6,http://geothermal.earth.lsa.umich.edu/DATA/CA-8736.html,J-C Mareschal,CA,6.750353212115717,7.934234223957948
CA-8740,-75.87,49.62,http://geothermal.earth.lsa.umich.edu/DATA/CA-8740.html,J-C Mareschal,CA,7.952050975358065,3.225139104583304
CA-8742,-74.81,49.79,http://geothermal.earth.lsa.umich.edu/DATA/CA-8742.html,J-C Mareschal,CA,6.565781473058757,4.824962119716794
CA-8743,-74.81,49.8,http://geothermal.earth.lsa.umich.edu/DATA/CA-8743.html,J-C Mareschal,CA,7.095955398775468,4.144542174840257
CA-8744,-77.73,49.72,http://geothermal.earth.lsa.umich.edu/DATA/CA-8744.html,J-C Mareschal,CA,10.701848675433588,2.5402510641001212
CA-8745,-77.73,49.71,http://geothermal.earth.lsa.umich.edu/DATA/CA-8745.html,J-C Mareschal,CA,11.852631578947372,2.3998421052631578
CA-8746,-77.74,49.72,http://geothermal.earth.lsa.umich.edu/DATA/CA-8746.html,J-C Mareschal,CA,10.047113997114,2.958816017316018
CA-8810,-78.71,47.4,http://geothermal.earth.lsa.umich.edu/DATA/CA-8810.html,J-C Mareschal,CA,9.729414737842232,4.196436427920224
CA-8811,-78.71,47.4,http://geothermal.earth.lsa.umich.edu/DATA/CA-8811.html,J-C Mareschal,CA,8.77045638789442,4.464061360993356
CA-8812,-78.71,47.4,http://geothermal.earth.lsa.umich.edu/DATA/CA-8812.html,J-C Mareschal,CA,8.34316794375847,4.495534007935317
CA-8813,-78.71,47.4,http://geothermal.earth.lsa.umich.edu/DATA/CA-8813.html,J-C Mareschal,CA,8.91884990283675,4.403533246982995
CA-8814,-77.45,44.5,http://geothermal.earth.lsa.umich.edu/DATA/CA-8814.html,J-C Mareschal,CA,9.227313718788961,7.560077185002956
CA-8820,-77.79,44.53,http://geothermal.earth.lsa.umich.edu/DATA/CA-8820.html,J-C Mareschal,CA,10.118263004192306,6.956526371670046
CA-8901,-78.72,43.87,http://geothermal.earth.lsa.umich.edu/DATA/CA-8901.html,J-C Mareschal,CA,18.721538461538476,8.324523076923072
CA-8907,-78.5,44.86,http://geothermal.earth.lsa.umich.edu/DATA/CA-8907.html,J-C Mareschal,CA,6.299230769230786,6.750538461538458
CA-8910,-77.72,44.87,http://geothermal.earth.lsa.umich.edu/DATA/CA-8910.html,J-C Mareschal,CA,11.165456487152062,6.378222821500017
CA-8911,-77.72,44.87,http://geothermal.earth.lsa.umich.edu/DATA/CA-8911.html,J-C Mareschal,CA,12.253337197300878,6.225728808772586
CA-8917,-77.18,44.72,http://geothermal.earth.lsa.umich.edu/DATA/CA-8917.html,J-C Mareschal,CA,7.562301019890635,6.794373762372353
CA-8920,-77.18,44.72,http://geothermal.earth.lsa.umich.edu/DATA/CA-8920.html,J-C Mareschal,CA,6.141039781067565,6.876811813921998
CA-8925,-81.07,46.44,http://geothermal.earth.lsa.umich.edu/DATA/CA-8925.html,J-C Mareschal,CA,9.529357870621517,8.127649095116633
CA-8926,-81.05,46.43,http://geothermal.earth.lsa.umich.edu/DATA/CA-8926.html,J-C Mareschal,CA,8.631024531024531,8.162670995670997
CA-8927,-81.05,46.43,http://geothermal.earth.lsa.umich.edu/DATA/CA-8927.html,J-C Mareschal,CA,9.842471160681876,8.268797805202253
CA-8928,-72.77,49.47,http://geothermal.earth.lsa.umich.edu/DATA/CA-8928.html,J-C Mareschal,CA,10.2356715410145,3.5405896164686417
CA-9001,-77.53,48.06,http://geothermal.earth.lsa.umich.edu/DATA/CA-9001.html,J-C Mareschal,CA,4.788909412412462,5.744754075014404
CA-9008,-74.17,49.89,http://geothermal.earth.lsa.umich.edu/DATA/CA-9008.html,J-C Mareschal,CA,7.680492551598224,3.2830010086781325
CA-9009,-74.17,49.9,http://geothermal.earth.lsa.umich.edu/DATA/CA-9009.html,J-C Mareschal,CA,7.198523849987383,3.8443944429040333
CA-9010,-74.33,49.88,http://geothermal.earth.lsa.umich.edu/DATA/CA-9010.html,J-C Mareschal,CA,7.084449049055887,3.7080936194880643
CA-9012,-74.33,49.88,http://geothermal.earth.lsa.umich.edu/DATA/CA-9012.html,J-C Mareschal,CA,7.158879452386734,3.619674175183247
CA-9013,-70.09,47.7,http://geothermal.earth.lsa.umich.edu/DATA/CA-9013.html,J-C Mareschal,CA,1.6121100353465276,5.65358152758568
CA-9101,-77.58,48.13,http://geothermal.earth.lsa.umich.edu/DATA/CA-9101.html,J-C Mareschal,CA,5.701145763109507,4.628239065129897
CA-9103,-77.6,48.14,http://geothermal.earth.lsa.umich.edu/DATA/CA-9103.html,J-C Mareschal,CA,9.244151392368567,3.8468921492637946
CA-9105,-78.44,48.25,http://geothermal.earth.lsa.umich.edu/DATA/CA-9105.html,J-C Mareschal,CA,9.681961349029152,4.09145342615419
CA-9111,-80.28,48.51,http://geothermal.earth.lsa.umich.edu/DATA/CA-9111.html,J-C Mareschal,CA,8.015558427611412,4.18245635513585
CA-9114,-79.72,48.52,http://geothermal.earth.lsa.umich.edu/DATA/CA-9114.html,J-C Mareschal,CA,10.076494244687886,4.113171613621418
CA-9115,-79.72,48.52,http://geothermal.earth.lsa.umich.edu/DATA/CA-9115.html,J-C Mareschal,CA,8.58079626261517,4.351860673401772
CA-9116,-79.72,48.52,http://geothermal.earth.lsa.umich.edu/DATA/CA-9116.html,J-C Mareschal,CA,10.095946921954113,4.133810969066296
CA-9202,-76.65,49.24,http://geothermal.earth.lsa.umich.edu/DATA/CA-9202.html,J-C Mareschal,CA,6.412239000004668,4.426927343212947
CA-9203,-76.65,49.24,http://geothermal.earth.lsa.umich.edu/DATA/CA-9203.html,J-C Mareschal,CA,6.416999546391937,4.599708344050018
CA-9204,-75.98,49.6,http://geothermal.earth.lsa.umich.edu/DATA/CA-9204.html,J-C Mareschal,CA,9.25721367879455,4.766348848417797
CA-9206,-76.17,49.49,http://geothermal.earth.lsa.umich.edu/DATA/CA-9206.html,J-C Mareschal,CA,8.375301866081227,3.6070587266739844
CA-9207,-76.17,49.49,http://geothermal.earth.lsa.umich.edu/DATA/CA-9207.html,J-C Mareschal,CA,8.260874706973155,3.6547443721353354
CA-9209,-74.61,49.48,http://geothermal.earth.lsa.umich.edu/DATA/CA-9209.html,J-C Mareschal,CA,7.193213858783039,2.6039605175451244
CA-9211,-74.62,45.48,http://geothermal.earth.lsa.umich.edu/DATA/CA-9211.html,J-C Mareschal,CA,6.605917127744481,2.7706759919373383
CA-9212,-77.69,48.53,http://geothermal.earth.lsa.umich.edu/DATA/CA-9212.html,J-C Mareschal,CA,5.580163767086807,3.881822685513935
CA-9213,-77.69,48.53,http://geothermal.earth.lsa.umich.edu/DATA/CA-9213.html,J-C Mareschal,CA,7.7604912060830165,3.7190880514026774
CA-9214,-77.69,48.53,http://geothermal.earth.lsa.umich.edu/DATA/CA-9214.html,J-C Mareschal,CA,7.429025149079603,3.607991098435744
CA-9301,-98.64,54.88,http://geothermal.earth.lsa.umich.edu/DATA/CA-9301.html,J-C Mareschal,CA,17.455297948688525,1.4353761450375289
CA-9302,-98.64,54.88,http://geothermal.earth.lsa.umich.edu/DATA/CA-9302.html,J-C Mareschal,CA,16.510613241839284,2.216902669509978
CA-9305,-101.83,54.72,http://geothermal.earth.lsa.umich.edu/DATA/CA-9305.html,J-C Mareschal,CA,13.487920464270172,2.65463418147128
CA-9306,-100.38,54.57,http://geothermal.earth.lsa.umich.edu/DATA/CA-9306.html,J-C Mareschal,CA,14.443193905017432,1.4790376532433653
CA-9307,-101.89,54.79,http://geothermal.earth.lsa.umich.edu/DATA/CA-9307.html,J-C Mareschal,CA,6.550683904775889,3.3448387734740925
CA-9308,-99.98,54.87,http://geothermal.earth.lsa.umich.edu/DATA/CA-9308.html,J-C Mareschal,CA,12.00101651783964,1.6347220111127974
CA-9309,-99.95,54.85,http://geothermal.earth.lsa.umich.edu/DATA/CA-9309.html,J-C Mareschal,CA,11.276129357229491,1.4336513865047316
CA-9400,-66.64,50.21,http://geothermal.earth.lsa.umich.edu/DATA/CA-9400.html,J-C Mareschal,CA,13.138044524173797,3.8716989920608116
CA-9402,-66.43,50.3,http://geothermal.earth.lsa.umich.edu/DATA/CA-9402.html,J-C Mareschal,CA,14.477874564459944,3.359898954703832
CA-9405,-97.9,55.7,http://geothermal.earth.lsa.umich.edu/DATA/CA-9405.html,J-C Mareschal,CA,14.517971477013965,1.166892209488745
CA-9407,-97.82,55.74,http://geothermal.earth.lsa.umich.edu/DATA/CA-9407.html,J-C Mareschal,CA,13.725974159067869,1.42145970919321
CA-9408,-97.67,55.91,http://geothermal.earth.lsa.umich.edu/DATA/CA-9408.html,J-C Mareschal,CA,15.707817180087812,0.34378001170570194
CA-9409,-97.68,55.9,http://geothermal.earth.lsa.umich.edu/DATA/CA-9409.html,J-C Mareschal,CA,15.303711305965289,0.3685258777276706
CA-9410,-98.13,55.49,http://geothermal.earth.lsa.umich.edu/DATA/CA-9410.html,J-C Mareschal,CA,12.305814117421445,1.5276263948052904
CA-9411,-98.13,55.49,http://geothermal.earth.lsa.umich.edu/DATA/CA-9411.html,J-C Mareschal,CA,13.99389135738715,1.262056952447133
CA-9413,-97.81,55.75,http://geothermal.earth.lsa.umich.edu/DATA/CA-9413.html,J-C Mareschal,CA,14.886872753998716,1.0224793354109663
CA-9501,-101.85,54.64,http://geothermal.earth.lsa.umich.edu/DATA/CA-9501.html,J-C Mareschal,CA,13.966113969887562,1.794129597865448
CA-9502,-100.23,54.21,http://geothermal.earth.lsa.umich.edu/DATA/CA-9502.html,J-C Mareschal,CA,13.886646751023749,2.0948126546670247
CA-9504,-103.2,54.58,http://geothermal.earth.lsa.umich.edu/DATA/CA-9504.html,J-C Mareschal,CA,19.37771929833017,1.7227226972303942
CA-9505,-101.74,54.86,http://geothermal.earth.lsa.umich.edu/DATA/CA-9505.html,J-C Mareschal,CA,10.150262494569573,3.1575949523250775
CA-9506,-103.2,54.58,http://geothermal.earth.lsa.umich.edu/DATA/CA-9506.html,J-C Mareschal,CA,16.98506008044445,2.035502799466247
CA-9510,-74.03,49.79,http://geothermal.earth.lsa.umich.edu/DATA/CA-9510.html,J-C Mareschal,CA,8.942939471087573,3.2601020433558014
CA-9511,-74.47,51.01,http://geothermal.earth.lsa.umich.edu/DATA/CA-9511.html,J-C Mareschal,CA,8.980560384288514,4.519932708399322
CA-9512,-74.47,51.01,http://geothermal.earth.lsa.umich.edu/DATA/CA-9512.html,J-C Mareschal,CA,9.64420122285232,4.214836992483001
CA-9513,-99.61,56.48,http://geothermal.earth.lsa.umich.edu/DATA/CA-9513.html,J-C Mareschal,CA,12.840050793664135,10.133410250165035
CA-9514,-100.95,56.73,http://geothermal.earth.lsa.umich.edu/DATA/CA-9514.html,J-C Mareschal,CA,10.032139356108953,0.44881001881254967
CA-9516,-100.44,56.91,http://geothermal.earth.lsa.umich.edu/DATA/CA-9516.html,J-C Mareschal,CA,6.980403758012584,0.9826708818900554
CA-9517,-100.44,56.91,http://geothermal.earth.lsa.umich.edu/DATA/CA-9517.html,J-C Mareschal,CA,8.222582788579626,0.22668172419357183
CA-9519,-101.63,56.63,http://geothermal.earth.lsa.umich.edu/DATA/CA-9519.html,J-C Mareschal,CA,10.038448112253098,1.5450669864456865
CA-9520,-100.44,56.91,http://geothermal.earth.lsa.umich.edu/DATA/CA-9520.html,J-C Mareschal,CA,7.369784853513877,0.6491243881744875
CA-9601,-105.02,55.29,http://geothermal.earth.lsa.umich.edu/DATA/CA-9601.html,J-C Mareschal,CA,14.223304473304474,3.0355822510822517
CA-9603,-103.71,56.13,http://geothermal.earth.lsa.umich.edu/DATA/CA-9603.html,J-C Mareschal,CA,12.624173296117483,1.7100905193052474
CA-9604,-103.7,56.13,http://geothermal.earth.lsa.umich.edu/DATA/CA-9604.html,J-C Mareschal,CA,12.073831052907723,1.8630789133341294
CA-9605,-103.7,56.13,http://geothermal.earth.lsa.umich.edu/DATA/CA-9605.html,J-C Mareschal,CA,13.173197058055825,1.5379155158178637
CA-9608,-102.83,54.64,http://geothermal.earth.lsa.umich.edu/DATA/CA-9608.html,J-C Mareschal,CA,15.327992747183293,3.137090894424703
CA-9609,-102.06,54.66,http://geothermal.earth.lsa.umich.edu/DATA/CA-9609.html,J-C Mareschal,CA,11.580529136613375,2.0903734599195167
CA-9610,-102.06,54.66,http://geothermal.earth.lsa.umich.edu/DATA/CA-9610.html,J-C Mareschal,CA,11.54658981635847,2.213008372699335
CA-9614,-101.1,56.83,http://geothermal.earth.lsa.umich.edu/DATA/CA-9614.html,J-C Mareschal,CA,7.056629011925084,2.0404348566475745
CA-9618,-104.56,55.75,http://geothermal.earth.lsa.umich.edu/DATA/CA-9618.html,J-C Mareschal,CA,11.98593301496606,2.331436962996964
CA-9619,-104.56,55.75,http://geothermal.earth.lsa.umich.edu/DATA/CA-9619.html,J-C Mareschal,CA,9.443566176187332,2.7244363066955186
CA-9620,-104.56,55.75,http://geothermal.earth.lsa.umich.edu/DATA/CA-9620.html,J-C Mareschal,CA,8.517419387104516,2.8422291684461873
CA-9622,-104.55,55.75,http://geothermal.earth.lsa.umich.edu/DATA/CA-9622.html,J-C Mareschal,CA,11.872055720036505,2.272488206849397
CA-9702,-97.46,55.17,http://geothermal.earth.lsa.umich.edu/DATA/CA-9702.html,J-C Mareschal,CA,16.268254242395034,0.8961210497810321
CA-9801,-100.11,54.85,http://geothermal.earth.lsa.umich.edu/DATA/CA-9801.html,J-C Mareschal,CA,15.905936668176565,1.8849845026649477
CA-9803,-101.97,54.62,http://geothermal.earth.lsa.umich.edu/DATA/CA-9803.html,J-C Mareschal,CA,13.355855439014999,4.145126753446898
CA-9804,-100.76,55.16,http://geothermal.earth.lsa.umich.edu/DATA/CA-9804.html,J-C Mareschal,CA,7.118928879098614,2.275310182153235
CA-9806,-101.57,54.79,http://geothermal.earth.lsa.umich.edu/DATA/CA-9806.html,J-C Mareschal,CA,10.955171013472649,2.8335937612881787
CA-9807,-101.57,54.79,http://geothermal.earth.lsa.umich.edu/DATA/CA-9807.html,J-C Mareschal,CA,10.129698064686098,2.9192879467462847
CA-9808,-102.74,55.87,http://geothermal.earth.lsa.umich.edu/DATA/CA-9808.html,J-C Mareschal,CA,13.70569508868583,1.2334552534969374
CA-9809,-102.74,55.87,http://geothermal.earth.lsa.umich.edu/DATA/CA-9809.html,J-C Mareschal,CA,11.712874988142294,1.7582051941824117
CA-9812,-97.76,55.83,http://geothermal.earth.lsa.umich.edu/DATA/CA-9812.html,J-C Mareschal,CA,15.854667367446556,0.7908407940871275
CA-9813,-97.78,55.83,http://geothermal.earth.lsa.umich.edu/DATA/CA-9813.html,J-C Mareschal,CA,18.900725485902008,0.17247554990473668
CA-9814,-98.13,55.49,http://geothermal.earth.lsa.umich.edu/DATA/CA-9814.html,J-C Mareschal,CA,12.32433476481243,1.6221806573498223
CA-9815,-98.13,55.49,http://geothermal.earth.lsa.umich.edu/DATA/CA-9815.html,J-C Mareschal,CA,12.758911211284644,1.4604303325996837
CA-9816,-98.13,55.49,http://geothermal.earth.lsa.umich.edu/DATA/CA-9816.html,J-C Mareschal,CA,11.73429144385027,1.8002740641711212
CA-9817,-98.13,55.49,http://geothermal.earth.lsa.umich.edu/DATA/CA-9817.html,J-C Mareschal,CA,9.50106784863013,1.9085524505726625
CA-9818,-100.21,54.76,http://geothermal.earth.lsa.umich.edu/DATA/CA-9818.html,J-C Mareschal,CA,8.955549731418884,4.669968506409393
CA-9819,-100.22,54.76,http://geothermal.earth.lsa.umich.edu/DATA/CA-9819.html,J-C Mareschal,CA,16.567725927655278,3.3705543321407925
CA-9820,-66.64,50.21,http://geothermal.earth.lsa.umich.edu/DATA/CA-9820.html,J-C Mareschal,CA,13.001154401154402,3.853800865800867
CA-9821,-62.11,56.33,http://geothermal.earth.lsa.umich.edu/DATA/CA-9821.html,J-C Mareschal,CA,10.926110398432405,1.1468453824649205
CA-9822,-62.11,56.33,http://geothermal.earth.lsa.umich.edu/DATA/CA-9822.html,J-C Mareschal,CA,10.242123124328478,0.8551298472797632
CA-9823,-62.05,56.32,http://geothermal.earth.lsa.umich.edu/DATA/CA-9823.html,J-C Mareschal,CA,8.44963263089241,1.224722756641207
CA-9824,-62.05,56.32,http://geothermal.earth.lsa.umich.edu/DATA/CA-9824.html,J-C Mareschal,CA,8.27930677453868,1.3012001186697988
CA-9901,-101.5,54.72,http://geothermal.earth.lsa.umich.edu/DATA/CA-9901.html,J-C Mareschal,CA,11.332337959056234,2.950693084437317
CA-9904,-101.36,55.2,http://geothermal.earth.lsa.umich.edu/DATA/CA-9904.html,J-C Mareschal,CA,17.599802371541504,2.6545553359683813
CA-9905,-101.36,55.2,http://geothermal.earth.lsa.umich.edu/DATA/CA-9905.html,J-C Mareschal,CA,16.858461538461544,2.7618769230769216
CA-9906,-101.84,54.77,http://geothermal.earth.lsa.umich.edu/DATA/CA-9906.html,J-C Mareschal,CA,10.41955229180324,2.463560217790666
CA-9907,-100.56,54.93,http://geothermal.earth.lsa.umich.edu/DATA/CA-9907.html,J-C Mareschal,CA,11.401722606054705,1.4713009838228501
CA-9912,-104.55,55.75,http://geothermal.earth.lsa.umich.edu/DATA/CA-9912.html,J-C Mareschal,CA,12.014344213094695,2.1934160276047754
CA-9913,-104.58,55.75,http://geothermal.earth.lsa.umich.edu/DATA/CA-9913.html,J-C Mareschal,CA,11.484480554568382,2.2228345814202095
CA-9915,-104.56,55.76,http://geothermal.earth.lsa.umich.edu/DATA/CA-9915.html,J-C Mareschal,CA,9.517971676337348,2.552754127665315
CA-9916,-104.56,55.75,http://geothermal.earth.lsa.umich.edu/DATA/CA-9916.html,J-C Mareschal,CA,8.544702206911404,2.748464507855687
CA-9917,-103.14,56.15,http://geothermal.earth.lsa.umich.edu/DATA/CA-9917.html,J-C Mareschal,CA,17.742600734444345,1.1091451478519903
CA-9918,-103.12,56.16,http://geothermal.earth.lsa.umich.edu/DATA/CA-9918.html,J-C Mareschal,CA,15.084126159936487,0.9853635395180895
CA-9919,-103.14,56.15,http://geothermal.earth.lsa.umich.edu/DATA/CA-9919.html,J-C Mareschal,CA,19.214032820767702,1.283591483867242
CA-9920,-109.54,58.38,http://geothermal.earth.lsa.umich.edu/DATA/CA-9920.html,J-C Mareschal,CA,17.604816639299397,2.2663464696223308
CA-9921,-109.52,58.23,http://geothermal.earth.lsa.umich.edu/DATA/CA-9921.html,J-C Mareschal,CA,6.078195488721809,5.518879699248119
CA-9922,-109.52,58.23,http://geothermal.earth.lsa.umich.edu/DATA/CA-9922.html,J-C Mareschal,CA,6.955870348139256,5.607300840336136
CA-9923,-109.52,58.23,http://geothermal.earth.lsa.umich.edu/DATA/CA-9923.html,J-C Mareschal,CA,8.290476190476182,4.786619047619047
CA-JM-a,-107.12,52.02,http://geothermal.earth.lsa.umich.edu/DATA/CA-JM-a.html,J. Majorowicz,CA,35.09890767412854,2.9062004930012515
CA-JM-b,-106.96,50.92,http://geothermal.earth.lsa.umich.edu/DATA/CA-JM-b.html,J. Majorowicz,CA,26.159075563013236,5.754131758233792
CA-Turtle,-100.5,49.2,http://geothermal.earth.lsa.umich.edu/DATA/CA-Turtle.html,W.D. Gosnold,US,33.52598185261907,4.477471828426027
CA-WOOD,-106.4,49.4,http://geothermal.earth.lsa.umich.edu/DATA/CA-WOOD.html,W.D. Gosnold,US,25.514285714285727,4.748936507936508
US-AL7-6,-86.02,33.27,http://geothermal.earth.lsa.umich.edu/DATA/US-AL7-6.html,R.F. Roy,US,13.729882758535632,14.77310540968521
US-ALclay4,-86.8,33.5,http://geothermal.earth.lsa.umich.edu/DATA/US-ALclay4.html,S.R. Durrans,AL,27.540568328760187,21.552559371747556
US-ALclay6,-86.8,33.5,http://geothermal.earth.lsa.umich.edu/DATA/US-ALclay6.html,S.R. Durrans,AL,26.51348118246489,21.548798459152778
US-AZ3-6,-110.6,33.03,http://geothermal.earth.lsa.umich.edu/DATA/US-AZ3-6.html,J.H. Sass,US,18.43303850978014,20.28173894126179
US-AZ3-8,-111.0,31.97,http://geothermal.earth.lsa.umich.edu/DATA/US-AZ3-8.html,J.H. Sass,US,26.27573307245264,22.451155595305828
US-AZ7-12,-110.8,31.87,http://geothermal.earth.lsa.umich.edu/DATA/US-AZ7-12.html,R.F. Roy,US,23.773095036831286,20.65889023064848
US-AZ7-13,-113.1,35.13,http://geothermal.earth.lsa.umich.edu/DATA/US-AZ7-13.html,R.F. Roy,US,28.573168682795657,16.197150537634425
US-AZ7-16,-114.3,33.63,http://geothermal.earth.lsa.umich.edu/DATA/US-AZ7-16.html,R.F. Roy,US,35.137662337662235,24.22987878787879
US-AZ7-17,-114.3,33.63,http://geothermal.earth.lsa.umich.edu/DATA/US-AZ7-17.html,R.F. Roy,US,32.67078507078508,24.45736550836551
US-AZ7-18,-114.3,33.63,http://geothermal.earth.lsa.umich.edu/DATA/US-AZ7-18.html,R.F. Roy,US,31.249122807017525,24.18263157894736
US-AZ7-20,-110.7,31.83,http://geothermal.earth.lsa.umich.edu/DATA/US-AZ7-20.html,R.F. Roy,US,25.566883116883126,17.547372294372288
US-AZ7-22,-111.1,31.88,http://geothermal.earth.lsa.umich.edu/DATA/US-AZ7-22.html,R.F. Roy,US,24.64285714285719,21.977500000000003
US-AZ7-23,-111.1,31.88,http://geothermal.earth.lsa.umich.edu/DATA/US-AZ7-23.html,R.F. Roy,US,31.03005188815218,20.521126405304123
US-AZ7-24,-111.1,31.88,http://geothermal.earth.lsa.umich.edu/DATA/US-AZ7-24.html,R.F. Roy,US,31.231166150670813,20.53905400756794
US-AZ7-25,-111.1,31.88,http://geothermal.earth.lsa.umich.edu/DATA/US-AZ7-25.html,R.F. Roy,US,31.231166150670813,20.53905400756794
US-CA3-25,-122.8,39.7,http://geothermal.earth.lsa.umich.edu/DATA/US-CA3-25.html,J.H. Sass,US,17.886741488018547,8.25473165659347
US-CA3-38,-119.3,35.27,http://geothermal.earth.lsa.umich.edu/DATA/US-CA3-38.html,J.H. Sass,US,34.697660818713466,22.494508771929834
US-CA3-41,-118.9,37.13,http://geothermal.earth.lsa.umich.edu/DATA/US-CA3-41.html,A.H. Lachenbruch,US,17.145803997003497,5.555540771043535
US-CA3-43,-119.3,37.1,http://geothermal.earth.lsa.umich.edu/DATA/US-CA3-43.html,A.H. Lachenbruch,US,13.104172212932024,13.096294539425198
US-CA7-28,-120.6,38.87,http://geothermal.earth.lsa.umich.edu/DATA/US-CA7-28.html,R.F. Roy,US,11.125027808676299,7.147702632554692
US-CA7-29,-121.1,38.83,http://geothermal.earth.lsa.umich.edu/DATA/US-CA7-29.html,R.F. Roy,US,10.158398220244704,16.728195031516506
US-CA7-31,-120.5,38.55,http://geothermal.earth.lsa.umich.edu/DATA/US-CA7-31.html,R.F. Roy,US,10.250705815923249,11.635906267645394
US-CO3-73,-108.3,40.05,http://geothermal.earth.lsa.umich.edu/DATA/US-CO3-73.html,J.H. Sass,US,37.74188482849902,7.306164102564101
US-CO3-75,-108.4,39.97,http://geothermal.earth.lsa.umich.edu/DATA/US-CO3-75.html,J.H. Sass,US,29.121188893560248,9.167785828162364
US-CO5-14,-105.5,38.27,http://geothermal.earth.lsa.umich.edu/DATA/US-CO5-14.html,"Decker, Birch",US,25.4443138790965,9.122471602036818
US-CO5-15,-105.5,38.27,http://geothermal.earth.lsa.umich.edu/DATA/US-CO5-15.html,"Decker, Birch",US,24.76695437731193,9.722490752157832
US-CO5-20,-105.2,39.78,http://geothermal.earth.lsa.umich.edu/DATA/US-CO5-20.html,"Roy, Decker",US,22.14339991315676,11.44936369228542
US-CO5-22,-106.1,39.43,http://geothermal.earth.lsa.umich.edu/DATA/US-CO5-22.html,"Decker, Birch",US,38.404071687083146,4.058982794895287
US-CO5-23,-107.6,37.93,http://geothermal.earth.lsa.umich.edu/DATA/US-CO5-23.html,"Decker, Birch",US,55.68874418354689,8.232881467515202
US-CO5-24,-107.0,39.0,http://geothermal.earth.lsa.umich.edu/DATA/US-CO5-24.html,"Roy, Decker",US,25.99558823529411,3.0999705882352946
US-CO5-25,-108.3,39.95,http://geothermal.earth.lsa.umich.edu/DATA/US-CO5-25.html,R.F. Roy,US,39.703244622675896,6.983937294932561
US-CO5-31,-105.4,38.13,http://geothermal.earth.lsa.umich.edu/DATA/US-CO5-31.html,Siems,US,36.979569356657656,8.375275774344981
US-CO5-32,-105.4,38.15,http://geothermal.earth.lsa.umich.edu/DATA/US-CO5-32.html,Siems,US,30.28996282527884,9.472639405204458
US-CO5-6,-105.5,39.87,http://geothermal.earth.lsa.umich.edu/DATA/US-CO5-6.html,"Decker, Birch",US,24.987391237391243,1.2809487371987385
US-CO5-8,-106.5,38.68,http://geothermal.earth.lsa.umich.edu/DATA/US-CO5-8.html,"Decker, Birch",US,21.373875698889876,0.8238508494719496
US-DC6-61,-77.0,39.0,http://geothermal.earth.lsa.umich.edu/DATA/US-DC6-61.html,W.H. Diment,US,14.765561697485348,12.704520912594866
US-DC6-62,-77.0,39.0,http://geothermal.earth.lsa.umich.edu/DATA/US-DC6-62.html,W.H. Diment,US,13.988263526820623,13.060445346135
US-DC6-63,-77.0,39.0,http://geothermal.earth.lsa.umich.edu/DATA/US-DC6-63.html,W.H. Diment,US,14.722283761876115,13.169133357178339
US-GLEN95,-101.2,48.5,http://geothermal.earth.lsa.umich.edu/DATA/US-GLEN95.html,W.D. Gosnold,US,34.832285115304,5.710670859538784
US-GSEL-02,-116.03,41.6,http://geothermal.earth.lsa.umich.edu/DATA/US-GSEL-02.html,J.H. Sass,US,47.315082203580346,9.368868609542947
US-GSNY-07,-117.82,38.88,http://geothermal.earth.lsa.umich.edu/DATA/US-GSNY-07.html,J.H. Sass,US,34.68371014527717,10.811203370545003
US-GSST-3,-118.81,38.37,http://geothermal.earth.lsa.umich.edu/DATA/US-GSST-3.html,J.H. Sass,US,121.14006743450794,12.262857647221658
US-HAY955,-102.7,42.6,http://geothermal.earth.lsa.umich.edu/DATA/US-HAY955.html,W.D. Gosnold,US,50.0422000948317,8.734691797060226
US-HAYSPR,-102.7,42.6,http://geothermal.earth.lsa.umich.edu/DATA/US-HAYSPR.html,W.D. Gosnold,US,49.27690848743484,8.932415836889527
US-IA7-33,-95.19,43.17,http://geothermal.earth.lsa.umich.edu/DATA/US-IA7-33.html,R.F. Roy,US,7.487895917838965,7.922136446017087
US-KEN95,-99.8,43.8,http://geothermal.earth.lsa.umich.edu/DATA/US-KEN95.html,W.D. Gosnold,US,83.88876529477201,10.520182424916573
US-M952M,-101.5,48.3,http://geothermal.earth.lsa.umich.edu/DATA/US-M952M.html,W.D. Gosnold,US,33.35166763312515,5.320258992251775
US-ME7-34,-68.62,44.4,http://geothermal.earth.lsa.umich.edu/DATA/US-ME7-34.html,"Birch, Roy",US,18.06340378197997,7.0093355580274395
US-ME7-35,-70.62,44.05,http://geothermal.earth.lsa.umich.edu/DATA/US-ME7-35.html,"Birch, Roy",US,21.93280632411067,7.1532015810276715
US-MI7-40,-88.02,47.4,http://geothermal.earth.lsa.umich.edu/DATA/US-MI7-40.html,R.F. Roy,US,16.998898730721532,5.231293704429426
US-MI7-41,-89.57,46.75,http://geothermal.earth.lsa.umich.edu/DATA/US-MI7-41.html,R.F. Roy,US,14.415536915026262,6.410211831332677
US-MI7-42,-89.57,46.73,http://geothermal.earth.lsa.umich.edu/DATA/US-MI7-42.html,R.F. Roy,US,14.164946999745693,6.322798654169757
US-MINOT,-101.3,48.5,http://geothermal.earth.lsa.umich.edu/DATA/US-MINOT.html,W.D. Gosnold,US,33.43092324805342,5.266223952539859
US-MN5-34,-91.72,47.82,http://geothermal.earth.lsa.umich.edu/DATA/US-MN5-34.html,R.F. Roy,US,17.618892550168287,4.598280260923846
US-MN5-35,-91.72,47.82,http://geothermal.earth.lsa.umich.edu/DATA/US-MN5-35.html,R.F. Roy,US,17.668789681946414,4.6362597019140335
US-MND84,-101.5,48.4,http://geothermal.earth.lsa.umich.edu/DATA/US-MND84.html,W.D. Gosnold,US,34.00981863436695,5.195300383532395
US-MT2-14,-112.3,46.72,http://geothermal.earth.lsa.umich.edu/DATA/US-MT2-14.html,D.D. Blackwell,US,74.90457368718239,7.3925635234330915
US-MT2-8,-109.9,45.05,http://geothermal.earth.lsa.umich.edu/DATA/US-MT2-8.html,D.D. Blackwell,US,18.620651991261955,2.455824231221644
US-MT3-83,-109.9,45.38,http://geothermal.earth.lsa.umich.edu/DATA/US-MT3-83.html,J.H. Sass,US,19.006140752434952,4.747602473537876
US-MT3-84,-109.9,45.38,http://geothermal.earth.lsa.umich.edu/DATA/US-MT3-84.html,J.H. Sass,US,17.489035990676303,3.9756537955941296
US-NH7-72,-72.13,42.78,http://geothermal.earth.lsa.umich.edu/DATA/US-NH7-72.html,F. Birch,US,21.471538461538476,6.972723076923073
US-NJ6-10,-74.6,41.08,http://geothermal.earth.lsa.umich.edu/DATA/US-NJ6-10.html,W.H. Diment,US,13.254570366651953,15.963022027157107
US-NJ6-8,-74.58,41.1,http://geothermal.earth.lsa.umich.edu/DATA/US-NJ6-8.html,W.H. Diment,US,11.7009218949074,9.595378666556458
US-NM3-160,-107.2,36.68,http://geothermal.earth.lsa.umich.edu/DATA/US-NM3-160.html,F. Birch,US,32.43705346793425,10.11055270712258
US-NM5-38,-106.1,35.47,http://geothermal.earth.lsa.umich.edu/DATA/US-NM5-38.html,F. Birch,US,24.334980237154145,14.493053359683799
US-NM5-40,-105.4,32.02,http://geothermal.earth.lsa.umich.edu/DATA/US-NM5-40.html,F. Birch,US,21.990909090909025,18.38599999999999
US-NM5-43,-108.3,31.85,http://geothermal.earth.lsa.umich.edu/DATA/US-NM5-43.html,F. Birch,US,31.13088235294119,19.680455882352934
US-NM5-47,-108.7,32.33,http://geothermal.earth.lsa.umich.edu/DATA/US-NM5-47.html,F. Birch,US,29.932611731843533,19.673125000000006
US-NM5-48,-108.7,32.33,http://geothermal.earth.lsa.umich.edu/DATA/US-NM5-48.html,F. Birch,US,35.969839229982405,19.162140103333417
US-NM5-52,-105.4,36.72,http://geothermal.earth.lsa.umich.edu/DATA/US-NM5-52.html,F. Birch,US,18.756538461538458,7.883176923076924
US-NM5-56,-108.0,32.8,http://geothermal.earth.lsa.umich.edu/DATA/US-NM5-56.html,F. Birch,US,25.018181818181823,15.494935064935069
US-NV3-120,-114.5,37.97,http://geothermal.earth.lsa.umich.edu/DATA/US-NV3-120.html,J.H. Sass,US,17.302374854415902,10.349277917894153
US-NV3-130,-117.8,38.32,http://geothermal.earth.lsa.umich.edu/DATA/US-NV3-130.html,J.H. Sass,US,28.181730358400525,14.948397189240938
US-NV3-131,-117.8,38.32,http://geothermal.earth.lsa.umich.edu/DATA/US-NV3-131.html,J.H. Sass,US,29.13823990392006,14.869496442255063
US-NV3-134,-116.9,38.57,http://geothermal.earth.lsa.umich.edu/DATA/US-NV3-134.html,"Munroe, Moses",US,26.3106313846359,14.946174908617934
US-NV3-138,-118.3,39.2,http://geothermal.earth.lsa.umich.edu/DATA/US-NV3-138.html,J.H. Sass,US,21.33867243867241,12.685106782106786
US-NV3-139,-118.3,39.2,http://geothermal.earth.lsa.umich.edu/DATA/US-NV3-139.html,J.H. Sass,US,17.301029090025086,13.569373632606762
US-NV3-140,-118.3,39.2,http://geothermal.earth.lsa.umich.edu/DATA/US-NV3-140.html,J.H. Sass,US,30.823684362580963,13.859503334455354
US-NV3-141,-118.3,39.2,http://geothermal.earth.lsa.umich.edu/DATA/US-NV3-141.html,J.H. Sass,US,24.534048450841507,13.197713851133365
US-NV3-151,-116.6,40.3,http://geothermal.earth.lsa.umich.edu/DATA/US-NV3-151.html,J.H. Sass,US,30.052567539729445,14.783579898362504
US-NV3-91,-116.2,37.18,http://geothermal.earth.lsa.umich.edu/DATA/US-NV3-91.html,J.H. Sass,US,14.579930604649652,12.90974544203646
US-NV3-92,-117.0,40.68,http://geothermal.earth.lsa.umich.edu/DATA/US-NV3-92.html,J.H. Sass,US,35.29435095822272,14.872569620935831
US-NV7-47,-115.1,35.48,http://geothermal.earth.lsa.umich.edu/DATA/US-NV7-47.html,R.F. Roy,US,24.106000597074292,16.18204060105483
US-NV7-48,-115.1,35.38,http://geothermal.earth.lsa.umich.edu/DATA/US-NV7-48.html,R.F. Roy,US,23.195054945054963,17.8848901098901
US-NV7-49,-117.5,38.23,http://geothermal.earth.lsa.umich.edu/DATA/US-NV7-49.html,R.F. Roy,US,30.18181818181818,16.13256916996048
US-NV7-50,-117.5,38.23,http://geothermal.earth.lsa.umich.edu/DATA/US-NV7-50.html,R.F. Roy,US,31.359398496240594,17.215917293233087
US-NV7-51,-117.5,38.23,http://geothermal.earth.lsa.umich.edu/DATA/US-NV7-51.html,R.F. Roy,US,30.4065934065934,16.055934065934075
US-NV7-55,-117.3,38.32,http://geothermal.earth.lsa.umich.edu/DATA/US-NV7-55.html,R.F. Roy,US,32.2632731253421,15.186518883415431
US-NV7-56,-117.3,38.32,http://geothermal.earth.lsa.umich.edu/DATA/US-NV7-56.html,R.F. Roy,US,35.54135338345868,12.963263157894731
US-NV7-62,-117.5,38.32,http://geothermal.earth.lsa.umich.edu/DATA/US-NV7-62.html,R.F. Roy,US,25.368421052631568,16.026157894736848
US-NV7-66,-114.3,39.28,http://geothermal.earth.lsa.umich.edu/DATA/US-NV7-66.html,R.F. Roy,US,21.75850943700602,11.350103242458458
US-NV7-67,-114.6,39.08,http://geothermal.earth.lsa.umich.edu/DATA/US-NV7-67.html,R.F. Roy,US,41.43695284902475,9.94411611119644
US-NV7-68,-114.9,39.07,http://geothermal.earth.lsa.umich.edu/DATA/US-NV7-68.html,R.F. Roy,US,21.335467980295572,5.023783251231528
US-NY6-11,-75.42,44.25,http://geothermal.earth.lsa.umich.edu/DATA/US-NY6-11.html,Urban,US,12.165551614234962,6.212779043782907
US-NY6-13,-75.4,44.27,http://geothermal.earth.lsa.umich.edu/DATA/US-NY6-13.html,Urban,US,8.240165600707217,7.749324229228376
US-NY6-14,-75.4,44.27,http://geothermal.earth.lsa.umich.edu/DATA/US-NY6-14.html,Urban,US,5.66916499601938,8.250000513220838
US-NY6-29,-74.45,42.45,http://geothermal.earth.lsa.umich.edu/DATA/US-NY6-29.html,Urban,US,13.695868727735798,7.585473051467625
US-NY6-43,-76.9,42.42,http://geothermal.earth.lsa.umich.edu/DATA/US-NY6-43.html,Urban,US,34.019414006747326,7.243365320425068
US-NY7-78,-73.62,43.3,http://geothermal.earth.lsa.umich.edu/DATA/US-NY7-78.html,F. Birch,US,2.9301933342305024,10.457502444713583
US-NY7-79,-73.9,44.58,http://geothermal.earth.lsa.umich.edu/DATA/US-NY7-79.html,F. Birch,US,13.936227544910185,6.41545209580838
US-PA6-49,-75.83,40.35,http://geothermal.earth.lsa.umich.edu/DATA/US-PA6-49.html,Urban,US,7.66670383023523,11.026271596317615
US-PR6-65,-66.8,18.25,http://geothermal.earth.lsa.umich.edu/DATA/US-PR6-65.html,W.H. Diment,US,8.421222988152152,20.934658119658113
US-PR6-66,-67.17,18.15,http://geothermal.earth.lsa.umich.edu/DATA/US-PR6-66.html,W.H. Diment,US,8.127460003328466,24.53343926661575
US-RUSH95,-102.2,42.6,http://geothermal.earth.lsa.umich.edu/DATA/US-RUSH95.html,W.D. Gosnold,US,34.29596774193547,10.172579032258065
US-SC6-52,-81.67,33.28,http://geothermal.earth.lsa.umich.edu/DATA/US-SC6-52.html,W.H. Diment,US,15.477870479595941,18.215186511346634
US-SC6-53,-81.67,33.28,http://geothermal.earth.lsa.umich.edu/DATA/US-SC6-53.html,W.H. Diment,US,16.126659769796127,18.36727545718336
US-SC6-55,-81.67,33.28,http://geothermal.earth.lsa.umich.edu/DATA/US-SC6-55.html,W.H. Diment,US,15.895669291338628,18.48258333333332
US-TN6-57,-84.32,35.92,http://geothermal.earth.lsa.umich.edu/DATA/US-TN6-57.html,W.H. Diment,US,17.20634475751715,13.8414178717093
US-TX5-60,-104.8,31.45,http://geothermal.earth.lsa.umich.edu/DATA/US-TX5-60.html,J. Adams,US,16.457142857142845,18.459857142857153
US-UT3-172,-109.6,39.98,http://geothermal.earth.lsa.umich.edu/DATA/US-UT3-172.html,J.H. Sass,US,25.217900649966353,14.035405423878519
US-UT7-85,-112.0,39.87,http://geothermal.earth.lsa.umich.edu/DATA/US-UT7-85.html,R.F. Roy,US,43.32697049232482,12.740060606060599
US-UTSRD-1,-109.67,38.61,http://geothermal.earth.lsa.umich.edu/DATA/US-UTSRD-1.html,R.N. Harris,US,13.669546850998444,14.108767601126472
US-UTSRD-2,-109.62,38.58,http://geothermal.earth.lsa.umich.edu/DATA/US-UTSRD-2.html,R.N. Harris,US,11.526422282578968,15.152718605880525
US-UTSRD-3,-109.85,38.71,http://geothermal.earth.lsa.umich.edu/DATA/US-UTSRD-3.html,R.N. Harris,US,11.311573565020941,15.368811204042519
US-UTSRD-4,-109.87,38.73,http://geothermal.earth.lsa.umich.edu/DATA/US-UTSRD-4.html,R.N. Harris,US,12.398531546145282,15.525729531290029
US-UTSRD-7,-109.48,38.69,http://geothermal.earth.lsa.umich.edu/DATA/US-UTSRD-7.html,R.N. Harris,US,10.624404761904758,13.319657738095238
US-UTSRS-3,-109.32,38.8,http://geothermal.earth.lsa.umich.edu/DATA/US-UTSRS-3.html,R.N. Harris,US,10.936533878106898,10.693576779026213
US-VA6-60,-77.9,36.87,http://geothermal.earth.lsa.umich.edu/DATA/US-VA6-60.html,W.H. Diment,US,16.48213091010677,14.496890756302527
US-WA2-26,-118.7,48.07,http://geothermal.earth.lsa.umich.edu/DATA/US-WA2-26.html,D.D. Blackwell,US,8.988142292490101,9.299130434782608
US-WA3-175,-122.8,46.53,http://geothermal.earth.lsa.umich.edu/DATA/US-WA3-175.html,J.H. Sass,US,30.49195651113738,7.989981681020056
US-WA3-177,-122.8,46.53,http://geothermal.earth.lsa.umich.edu/DATA/US-WA3-177.html,J.H. Sass,US,33.38892923621742,7.916842215796588
US-WA3-180,-119.2,46.35,http://geothermal.earth.lsa.umich.edu/DATA/US-WA3-180.html,J.H. Sass,US,38.25040848990234,14.651141424026509
US-WALL94,-102.23,43.74,http://geothermal.earth.lsa.umich.edu/DATA/US-WALL94.html,W.D. Gosnold,US,32.05173285766031,9.002100530348079
US-WY2-27,-109.2,43.87,http://geothermal.earth.lsa.umich.edu/DATA/US-WY2-27.html,D.D. Blackwell,US,30.0292868220539,0.1127884291204973
US-WY3-184,-109.5,42.77,http://geothermal.earth.lsa.umich.edu/DATA/US-WY3-184.html,J.H. Sass,US,22.211812115906703,8.109998083886826
US-kiw82,-69.2,45.43,http://geothermal.earth.lsa.umich.edu/DATA/US-kiw82.html,E.R. Decker,US,12.916594516594513,5.935160173160174
US-lon65,-72.5,43.25,http://geothermal.earth.lsa.umich.edu/DATA/US-lon65.html,H.N. Pollack,US,20.285964912280686,7.321842105263154
US-luc82,-68.6,44.72,http://geothermal.earth.lsa.umich.edu/DATA/US-luc82.html,E.R. Decker,US,16.295874822190605,6.761692745376955
US-nha64,-72.0,44.1,http://geothermal.earth.lsa.umich.edu/DATA/US-nha64.html,H.N. Pollack,US,17.654139081920814,7.581620748534055
US-nha92,-72.0,44.1,http://geothermal.earth.lsa.umich.edu/DATA/US-nha92.html,E.R. Decker,US,16.56131529760674,7.839577634021642
US-nos65,-72.55,43.33,http://geothermal.earth.lsa.umich.edu/DATA/US-nos65.html,H.N. Pollack,US,17.917666290665558,8.020731545129117
US-nos92,-72.55,43.33,http://geothermal.earth.lsa.umich.edu/DATA/US-nos92.html,E.R. Decker,US,17.225147552293706,8.180292533147137
US-sar64,-74.27,44.33,http://geothermal.earth.lsa.umich.edu/DATA/US-sar64.html,H.N. Pollack,US,17.813261970452025,5.260544078530804
US-sar92,-74.27,44.33,http://geothermal.earth.lsa.umich.edu/DATA/US-sar92.html,E.R. Decker,US,17.61075632439854,5.272008973798228
US-wad64,-73.47,44.23,http://geothermal.earth.lsa.umich.edu/DATA/US-wad64.html,H.N. Pollack,US,17.813261970452025,5.260544078530804
US-wes64,-72.82,43.28,http://geothermal.earth.lsa.umich.edu/DATA/US-wes64.html,H.N. Pollack,US,17.234833028208982,6.555454920979049
