,Borehole,Longitude,Latitudes,Data,Data Contact,Country
0,CA-0001,-93.94,51.13,http://geothermal.earth.lsa.umich.edu/DATA/CA-0001.html,J-C Mareschal,CA
1,CA-0002,-93.86,51.18,http://geothermal.earth.lsa.umich.edu/DATA/CA-0002.html,J-C Mareschal,CA
2,CA-0003,-93.17,50.96,http://geothermal.earth.lsa.umich.edu/DATA/CA-0003.html,J-C Mareschal,CA
3,CA-0004,-93.14,50.99,http://geothermal.earth.lsa.umich.edu/DATA/CA-0004.html,J-C Mareschal,CA
4,CA-0005,-92.89,51.12,http://geothermal.earth.lsa.umich.edu/DATA/CA-0005.html,J-C Mareschal,CA
5,CA-0006,-91.11,49.97,http://geothermal.earth.lsa.umich.edu/DATA/CA-0006.html,J-C Mareschal,CA
6,CA-0007,-91.12,49.99,http://geothermal.earth.lsa.umich.edu/DATA/CA-0007.html,J-C Mareschal,CA
7,CA-0008,-89.65,49.21,http://geothermal.earth.lsa.umich.edu/DATA/CA-0008.html,J-C Mareschal,CA
8,CA-0009,-89.65,49.22,http://geothermal.earth.lsa.umich.edu/DATA/CA-0009.html,J-C Mareschal,CA
9,CA-001-0,-75.72,45.40,http://geothermal.earth.lsa.umich.edu/DATA/CA-001-0.html,A.M. Jessop,CA
10,CA-0010,-89.49,48.29,http://geothermal.earth.lsa.umich.edu/DATA/CA-0010.html,J-C Mareschal,CA
11,CA-0011,-89.63,48.31,http://geothermal.earth.lsa.umich.edu/DATA/CA-0011.html,J-C Mareschal,CA
12,CA-0012,-85.90,49.17,http://geothermal.earth.lsa.umich.edu/DATA/CA-0012.html,J-C Mareschal,CA
13,CA-0013,-85.90,49.23,http://geothermal.earth.lsa.umich.edu/DATA/CA-0013.html,J-C Mareschal,CA
14,CA-0015,-98.26,55.53,http://geothermal.earth.lsa.umich.edu/DATA/CA-0015.html,J-C Mareschal,CA
15,CA-0016,-97.64,56.01,http://geothermal.earth.lsa.umich.edu/DATA/CA-0016.html,J-C Mareschal,CA
16,CA-0017,-97.95,55.71,http://geothermal.earth.lsa.umich.edu/DATA/CA-0017.html,J-C Mareschal,CA
17,CA-0018,-101.11,56.94,http://geothermal.earth.lsa.umich.edu/DATA/CA-0018.html,J-C Mareschal,CA
18,CA-0019,-101.22,56.96,http://geothermal.earth.lsa.umich.edu/DATA/CA-0019.html,J-C Mareschal,CA
19,CA-002-0,-63.59,44.64,http://geothermal.earth.lsa.umich.edu/DATA/CA-002-0.html,K. Wang,CA
20,CA-0020,-98.16,55.51,http://geothermal.earth.lsa.umich.edu/DATA/CA-0020.html,J-C Mareschal,CA
21,CA-0021,-98.27,55.51,http://geothermal.earth.lsa.umich.edu/DATA/CA-0021.html,J-C Mareschal,CA
22,CA-0022,-98.26,55.57,http://geothermal.earth.lsa.umich.edu/DATA/CA-0022.html,J-C Mareschal,CA
23,CA-005-0,-74.02,45.82,http://geothermal.earth.lsa.umich.edu/DATA/CA-005-0.html,K. Wang,CA
24,CA-005-1,-74.01,45.82,http://geothermal.earth.lsa.umich.edu/DATA/CA-005-1.html,K. Wang,CA
25,CA-006-0,-72.25,48.53,http://geothermal.earth.lsa.umich.edu/DATA/CA-006-0.html,K. Wang,CA
26,CA-008-0,-130.01,58.65,http://geothermal.earth.lsa.umich.edu/DATA/CA-008-0.html,A.M. Jessop,CA
27,CA-010-0,-130.85,57.89,http://geothermal.earth.lsa.umich.edu/DATA/CA-010-0.html,A.M. Jessop,CA
28,CA-0101,-94.07,48.85,http://geothermal.earth.lsa.umich.edu/DATA/CA-0101.html,J-C Mareschal,CA
29,CA-0102,-94.13,48.97,http://geothermal.earth.lsa.umich.edu/DATA/CA-0102.html,J-C Mareschal,CA
30,CA-0103,-93.80,49.37,http://geothermal.earth.lsa.umich.edu/DATA/CA-0103.html,J-C Mareschal,CA
31,CA-0104,-93.75,49.38,http://geothermal.earth.lsa.umich.edu/DATA/CA-0104.html,J-C Mareschal,CA
32,CA-0106,-94.15,48.94,http://geothermal.earth.lsa.umich.edu/DATA/CA-0106.html,J-C Mareschal,CA
33,CA-0107,-92.75,49.82,http://geothermal.earth.lsa.umich.edu/DATA/CA-0107.html,J-C Mareschal,CA
34,CA-0108,-92.70,49.83,http://geothermal.earth.lsa.umich.edu/DATA/CA-0108.html,J-C Mareschal,CA
35,CA-011-0,-80.94,49.10,http://geothermal.earth.lsa.umich.edu/DATA/CA-011-0.html,A.M. Jessop,CA
36,CA-0110,-94.70,50.38,http://geothermal.earth.lsa.umich.edu/DATA/CA-0110.html,J-C Mareschal,CA
37,CA-0111,-94.71,50.39,http://geothermal.earth.lsa.umich.edu/DATA/CA-0111.html,J-C Mareschal,CA
38,CA-0112,-89.03,49.12,http://geothermal.earth.lsa.umich.edu/DATA/CA-0112.html,J-C Mareschal,CA
39,CA-0114,-98.23,55.51,http://geothermal.earth.lsa.umich.edu/DATA/CA-0114.html,J-C Mareschal,CA
40,CA-0115,-98.27,55.54,http://geothermal.earth.lsa.umich.edu/DATA/CA-0115.html,J-C Mareschal,CA
41,CA-012-0,-82.38,49.42,http://geothermal.earth.lsa.umich.edu/DATA/CA-012-0.html,K. Wang,CA
42,CA-013-0,-83.53,49.69,http://geothermal.earth.lsa.umich.edu/DATA/CA-013-0.html,K. Wang,CA
43,CA-013-1,-83.54,49.69,http://geothermal.earth.lsa.umich.edu/DATA/CA-013-1.html,K. Wang,CA
44,CA-014-0,-86.98,48.86,http://geothermal.earth.lsa.umich.edu/DATA/CA-014-0.html,K. Wang,CA
45,CA-015-0,-89.60,51.83,http://geothermal.earth.lsa.umich.edu/DATA/CA-015-0.html,K. Wang,CA
46,CA-015-1,-89.60,51.83,http://geothermal.earth.lsa.umich.edu/DATA/CA-015-1.html,K. Wang,CA
47,CA-016-0,-90.48,50.71,http://geothermal.earth.lsa.umich.edu/DATA/CA-016-0.html,K. Wang,CA
48,CA-016-1,-90.48,50.71,http://geothermal.earth.lsa.umich.edu/DATA/CA-016-1.html,K. Wang,CA
49,CA-017-0,-91.37,49.77,http://geothermal.earth.lsa.umich.edu/DATA/CA-017-0.html,K. Wang,CA
50,CA-018-0,-66.00,43.76,http://geothermal.earth.lsa.umich.edu/DATA/CA-018-0.html,A.M. Jessop,CA
51,CA-018-1,-66.00,43.76,http://geothermal.earth.lsa.umich.edu/DATA/CA-018-1.html,K. Wang,CA
52,CA-0201,-89.14,50.18,http://geothermal.earth.lsa.umich.edu/DATA/CA-0201.html,J-C Mareschal,CA
53,CA-0203,-93.85,51.14,http://geothermal.earth.lsa.umich.edu/DATA/CA-0203.html,J-C Mareschal,CA
54,CA-0204,-92.08,49.48,http://geothermal.earth.lsa.umich.edu/DATA/CA-0204.html,J-C Mareschal,CA
55,CA-0209,-92.20,48.66,http://geothermal.earth.lsa.umich.edu/DATA/CA-0209.html,J-C Mareschal,CA
56,CA-0301,-91.37,49.06,http://geothermal.earth.lsa.umich.edu/DATA/CA-0301.html,J-C Mareschal,CA
57,CA-0302,-91.36,49.14,http://geothermal.earth.lsa.umich.edu/DATA/CA-0302.html,J-C Mareschal,CA
58,CA-0303,-90.79,48.60,http://geothermal.earth.lsa.umich.edu/DATA/CA-0303.html,J-C Mareschal,CA
59,CA-0304,-90.78,48.63,http://geothermal.earth.lsa.umich.edu/DATA/CA-0304.html,J-C Mareschal,CA
60,CA-0306,-88.09,50.52,http://geothermal.earth.lsa.umich.edu/DATA/CA-0306.html,J-C Mareschal,CA
61,CA-0307,-88.10,50.51,http://geothermal.earth.lsa.umich.edu/DATA/CA-0307.html,J-C Mareschal,CA
62,CA-0308,-87.97,50.52,http://geothermal.earth.lsa.umich.edu/DATA/CA-0308.html,J-C Mareschal,CA
63,CA-0309,-89.23,49.77,http://geothermal.earth.lsa.umich.edu/DATA/CA-0309.html,J-C Mareschal,CA
64,CA-0310,-89.14,50.18,http://geothermal.earth.lsa.umich.edu/DATA/CA-0310.html,J-C Mareschal,CA
65,CA-0311,-88.93,49.20,http://geothermal.earth.lsa.umich.edu/DATA/CA-0311.html,J-C Mareschal,CA
66,CA-0312,-87.95,48.95,http://geothermal.earth.lsa.umich.edu/DATA/CA-0312.html,J-C Mareschal,CA
67,CA-0314,-81.44,48.74,http://geothermal.earth.lsa.umich.edu/DATA/CA-0314.html,J-C Mareschal,CA
68,CA-0315,-81.44,48.74,http://geothermal.earth.lsa.umich.edu/DATA/CA-0315.html,J-C Mareschal,CA
69,CA-0316,-80.87,46.66,http://geothermal.earth.lsa.umich.edu/DATA/CA-0316.html,J-C Mareschal,CA
70,CA-051-0,-76.06,45.01,http://geothermal.earth.lsa.umich.edu/DATA/CA-051-0.html,A.M. Jessop,CA
71,CA-054-0,-63.48,44.92,http://geothermal.earth.lsa.umich.edu/DATA/CA-054-0.html,K. Wang,CA
72,CA-056-0,-63.45,46.27,http://geothermal.earth.lsa.umich.edu/DATA/CA-056-0.html,A.M. Jessop,CA
73,CA-057-0,-77.24,43.86,http://geothermal.earth.lsa.umich.edu/DATA/CA-057-0.html,A.M. Jessop,CA
74,CA-065-0,-63.45,45.78,http://geothermal.earth.lsa.umich.edu/DATA/CA-065-0.html,A.M. Jessop,CA
75,CA-066-0,-114.42,62.51,http://geothermal.earth.lsa.umich.edu/DATA/CA-066-0.html,A.M. Jessop,CA
76,CA-067-1,-81.30,46.65,http://geothermal.earth.lsa.umich.edu/DATA/CA-067-1.html,A.M. Jessop,CA
77,CA-067-2,-81.39,46.63,http://geothermal.earth.lsa.umich.edu/DATA/CA-067-2.html,A.M. Jessop,CA
78,CA-067-3,-81.43,46.61,http://geothermal.earth.lsa.umich.edu/DATA/CA-067-3.html,A.M. Jessop,CA
79,CA-067-4,-81.44,46.38,http://geothermal.earth.lsa.umich.edu/DATA/CA-067-4.html,A.M. Jessop,CA
80,CA-067-5,-81.39,46.41,http://geothermal.earth.lsa.umich.edu/DATA/CA-067-5.html,A.M. Jessop,CA
81,CA-067-6,-81.08,46.52,http://geothermal.earth.lsa.umich.edu/DATA/CA-067-6.html,K. Wang,CA
82,CA-067-7,-81.32,46.43,http://geothermal.earth.lsa.umich.edu/DATA/CA-067-7.html,A.M. Jessop,CA
83,CA-067-8,-81.16,46.55,http://geothermal.earth.lsa.umich.edu/DATA/CA-067-8.html,A.M. Jessop,CA
84,CA-067-9,-81.34,46.65,http://geothermal.earth.lsa.umich.edu/DATA/CA-067-9.html,A.M. Jessop,CA
85,CA-069-0,-74.35,49.88,http://geothermal.earth.lsa.umich.edu/DATA/CA-069-0.html,A.M. Jessop,CA
86,CA-072-2,-117.19,49.15,http://geothermal.earth.lsa.umich.edu/DATA/CA-072-2.html,A.M. Jessop,CA
87,CA-074-0,-116.86,49.76,http://geothermal.earth.lsa.umich.edu/DATA/CA-074-0.html,A.M. Jessop,CA
88,CA-081-1,-121.56,52.63,http://geothermal.earth.lsa.umich.edu/DATA/CA-081-1.html,A.M. Jessop,CA
89,CA-081-2,-121.56,52.63,http://geothermal.earth.lsa.umich.edu/DATA/CA-081-2.html,A.M. Jessop,CA
90,CA-083-0,-94.20,51.00,http://geothermal.earth.lsa.umich.edu/DATA/CA-083-0.html,A.M. Jessop,CA
91,CA-084-1,-85.85,49.18,http://geothermal.earth.lsa.umich.edu/DATA/CA-084-1.html,K. Wang,CA
92,CA-084-2,-85.81,49.19,http://geothermal.earth.lsa.umich.edu/DATA/CA-084-2.html,A.M. Jessop,CA
93,CA-084-3,-85.85,49.19,http://geothermal.earth.lsa.umich.edu/DATA/CA-084-3.html,K. Wang,CA
94,CA-084-4,-85.81,49.18,http://geothermal.earth.lsa.umich.edu/DATA/CA-084-4.html,K. Wang,CA
95,CA-084-6,-85.85,49.18,http://geothermal.earth.lsa.umich.edu/DATA/CA-084-6.html,K. Wang,CA
96,CA-084-7,-85.85,49.18,http://geothermal.earth.lsa.umich.edu/DATA/CA-084-7.html,K. Wang,CA
97,CA-096-0,-64.68,48.86,http://geothermal.earth.lsa.umich.edu/DATA/CA-096-0.html,K. Wang,CA
98,CA-103-3,-65.53,48.95,http://geothermal.earth.lsa.umich.edu/DATA/CA-103-3.html,A.M. Jessop,CA
99,CA-103-5,-65.53,48.95,http://geothermal.earth.lsa.umich.edu/DATA/CA-103-5.html,A.M. Jessop,CA
100,CA-103-6,-65.53,48.95,http://geothermal.earth.lsa.umich.edu/DATA/CA-103-6.html,A.M. Jessop,CA
101,CA-104-2,-115.89,49.69,http://geothermal.earth.lsa.umich.edu/DATA/CA-104-2.html,A.M. Jessop,CA
102,CA-104-3,-115.94,49.68,http://geothermal.earth.lsa.umich.edu/DATA/CA-104-3.html,A.M. Jessop,CA
103,CA-104-9,-116.00,49.72,http://geothermal.earth.lsa.umich.edu/DATA/CA-104-9.html,A.M. Jessop,CA
104,CA-113-2,-56.00,48.00,http://geothermal.earth.lsa.umich.edu/DATA/CA-113-2.html,A.M. Jessop,CA
105,CA-115-3,-126.69,56.60,http://geothermal.earth.lsa.umich.edu/DATA/CA-115-3.html,A.M. Jessop,CA
106,CA-115-8,-126.69,56.60,http://geothermal.earth.lsa.umich.edu/DATA/CA-115-8.html,A.M. Jessop,CA
107,CA-117-1,-91.00,49.88,http://geothermal.earth.lsa.umich.edu/DATA/CA-117-1.html,A.M. Jessop,CA
108,CA-117-2,-90.88,49.88,http://geothermal.earth.lsa.umich.edu/DATA/CA-117-2.html,A.M. Jessop,CA
109,CA-118-0,-120.47,50.65,http://geothermal.earth.lsa.umich.edu/DATA/CA-118-0.html,A.M. Jessop,CA
110,CA-126-0,-85.90,50.10,http://geothermal.earth.lsa.umich.edu/DATA/CA-126-0.html,K. Wang,CA
111,CA-127-1,-77.43,46.05,http://geothermal.earth.lsa.umich.edu/DATA/CA-127-1.html,A.M. Jessop,CA
112,CA-127-6,-77.43,46.05,http://geothermal.earth.lsa.umich.edu/DATA/CA-127-6.html,A.M. Jessop,CA
113,CA-136-1,-102.04,54.64,http://geothermal.earth.lsa.umich.edu/DATA/CA-136-1.html,K. Wang,CA
114,CA-136-2,-101.88,54.78,http://geothermal.earth.lsa.umich.edu/DATA/CA-136-2.html,A.M. Jessop,CA
115,CA-137-1,-99.97,54.89,http://geothermal.earth.lsa.umich.edu/DATA/CA-137-1.html,K. Wang,CA
116,CA-138-0,-97.77,55.73,http://geothermal.earth.lsa.umich.edu/DATA/CA-138-0.html,K. Wang,CA
117,CA-143-1,-66.67,46.93,http://geothermal.earth.lsa.umich.edu/DATA/CA-143-1.html,A.M. Jessop,CA
118,CA-144-0,-66.68,45.68,http://geothermal.earth.lsa.umich.edu/DATA/CA-144-0.html,K. Wang,CA
119,CA-145-15,-95.85,50.25,http://geothermal.earth.lsa.umich.edu/DATA/CA-145-15.html,A.M. Jessop,CA
120,CA-149-1,-101.10,56.80,http://geothermal.earth.lsa.umich.edu/DATA/CA-149-1.html,K. Wang,CA
121,CA-149-2,-100.95,56.90,http://geothermal.earth.lsa.umich.edu/DATA/CA-149-2.html,A.M. Jessop,CA
122,CA-150-1,-101.65,56.63,http://geothermal.earth.lsa.umich.edu/DATA/CA-150-1.html,K. Wang,CA
123,CA-152-1,-56.05,49.91,http://geothermal.earth.lsa.umich.edu/DATA/CA-152-1.html,K. Wang,CA
124,CA-152-2,-56.05,49.91,http://geothermal.earth.lsa.umich.edu/DATA/CA-152-2.html,A.M. Jessop,CA
125,CA-152-3,-56.08,49.90,http://geothermal.earth.lsa.umich.edu/DATA/CA-152-3.html,A.M. Jessop,CA
126,CA-156-0,-78.44,48.65,http://geothermal.earth.lsa.umich.edu/DATA/CA-156-0.html,K. Wang,CA
127,CA-162-1,-119.81,51.52,http://geothermal.earth.lsa.umich.edu/DATA/CA-162-1.html,A.M. Jessop,CA
128,CA-162-2,-119.81,51.52,http://geothermal.earth.lsa.umich.edu/DATA/CA-162-2.html,A.M. Jessop,CA
129,CA-163-1,-125.61,49.58,http://geothermal.earth.lsa.umich.edu/DATA/CA-163-1.html,A.M. Jessop,CA
130,CA-164-0,-69.46,47.61,http://geothermal.earth.lsa.umich.edu/DATA/CA-164-0.html,K. Wang,CA
131,CA-182-0,-120.51,50.66,http://geothermal.earth.lsa.umich.edu/DATA/CA-182-0.html,A.M. Jessop,CA
132,CA-187-1,-124.43,54.63,http://geothermal.earth.lsa.umich.edu/DATA/CA-187-1.html,A.M. Jessop,CA
133,CA-187-2,-124.43,54.63,http://geothermal.earth.lsa.umich.edu/DATA/CA-187-2.html,A.M. Jessop,CA
134,CA-289-1,-133.75,60.99,http://geothermal.earth.lsa.umich.edu/DATA/CA-289-1.html,A.M. Jessop,CA
135,CA-289-2,-133.75,60.99,http://geothermal.earth.lsa.umich.edu/DATA/CA-289-2.html,A.M. Jessop,CA
136,CA-289-4,-133.75,60.99,http://geothermal.earth.lsa.umich.edu/DATA/CA-289-4.html,A.M. Jessop,CA
137,CA-290-1,-129.22,62.47,http://geothermal.earth.lsa.umich.edu/DATA/CA-290-1.html,A.M. Jessop,CA
138,CA-297-3,-127.33,60.35,http://geothermal.earth.lsa.umich.edu/DATA/CA-297-3.html,A.M. Jessop,CA
139,CA-298-1,-95.44,50.43,http://geothermal.earth.lsa.umich.edu/DATA/CA-298-1.html,A.M. Jessop,CA
140,CA-298-2,-95.42,50.42,http://geothermal.earth.lsa.umich.edu/DATA/CA-298-2.html,A.M. Jessop,CA
141,CA-298-3,-95.41,50.42,http://geothermal.earth.lsa.umich.edu/DATA/CA-298-3.html,A.M. Jessop,CA
142,CA-298-4,-95.45,50.42,http://geothermal.earth.lsa.umich.edu/DATA/CA-298-4.html,A.M. Jessop,CA
143,CA-402-1,-62.60,45.54,http://geothermal.earth.lsa.umich.edu/DATA/CA-402-1.html,A.M. Jessop,CA
144,CA-402-5,-62.63,45.63,http://geothermal.earth.lsa.umich.edu/DATA/CA-402-5.html,A.M. Jessop,CA
145,CA-403-0,-65.25,45.73,http://geothermal.earth.lsa.umich.edu/DATA/CA-403-0.html,A.M. Jessop,CA
146,CA-405-0,-66.30,47.56,http://geothermal.earth.lsa.umich.edu/DATA/CA-405-0.html,A.M. Jessop,CA
147,CA-407-1,-57.38,49.29,http://geothermal.earth.lsa.umich.edu/DATA/CA-407-1.html,A.M. Jessop,CA
148,CA-415-0,-65.88,47.72,http://geothermal.earth.lsa.umich.edu/DATA/CA-415-0.html,A.M. Jessop,CA
149,CA-436-1,-82.43,48.30,http://geothermal.earth.lsa.umich.edu/DATA/CA-436-1.html,K. Wang,CA
150,CA-436-3,-82.43,48.30,http://geothermal.earth.lsa.umich.edu/DATA/CA-436-3.html,A.M. Jessop,CA
151,CA-436-4,-82.43,48.30,http://geothermal.earth.lsa.umich.edu/DATA/CA-436-4.html,K. Wang,CA
152,CA-437-3,-82.41,47.94,http://geothermal.earth.lsa.umich.edu/DATA/CA-437-3.html,K. Wang,CA
153,CA-437-4,-82.41,47.94,http://geothermal.earth.lsa.umich.edu/DATA/CA-437-4.html,A.M. Jessop,CA
154,CA-438-1,-77.74,49.71,http://geothermal.earth.lsa.umich.edu/DATA/CA-438-1.html,K. Wang,CA
155,CA-438-2,-77.64,49.78,http://geothermal.earth.lsa.umich.edu/DATA/CA-438-2.html,K. Wang,CA
156,CA-442-18,-106.96,50.92,http://geothermal.earth.lsa.umich.edu/DATA/CA-442-18.html,A.M. Jessop,CA
157,CA-442-22,-107.00,50.95,http://geothermal.earth.lsa.umich.edu/DATA/CA-442-22.html,A.M. Jessop,CA
158,CA-442-3,-106.86,50.88,http://geothermal.earth.lsa.umich.edu/DATA/CA-442-3.html,A.M. Jessop,CA
159,CA-442-6,-106.90,50.90,http://geothermal.earth.lsa.umich.edu/DATA/CA-442-6.html,K. Wang,CA
160,CA-655-0,-100.55,49.03,http://geothermal.earth.lsa.umich.edu/DATA/CA-655-0.html,J. Majorowicz,CA
161,CA-8705,-72.95,46.49,http://geothermal.earth.lsa.umich.edu/DATA/CA-8705.html,J-C Mareschal,CA
162,CA-8706,-79.10,48.28,http://geothermal.earth.lsa.umich.edu/DATA/CA-8706.html,J-C Mareschal,CA
163,CA-8707,-79.09,48.28,http://geothermal.earth.lsa.umich.edu/DATA/CA-8707.html,J-C Mareschal,CA
164,CA-8708,-77.56,48.10,http://geothermal.earth.lsa.umich.edu/DATA/CA-8708.html,J-C Mareschal,CA
165,CA-8709,-77.56,48.10,http://geothermal.earth.lsa.umich.edu/DATA/CA-8709.html,J-C Mareschal,CA
166,CA-8720,-65.96,48.83,http://geothermal.earth.lsa.umich.edu/DATA/CA-8720.html,J-C Mareschal,CA
167,CA-8721,-66.02,48.82,http://geothermal.earth.lsa.umich.edu/DATA/CA-8721.html,J-C Mareschal,CA
168,CA-8723,-66.13,48.80,http://geothermal.earth.lsa.umich.edu/DATA/CA-8723.html,J-C Mareschal,CA
169,CA-8725,-66.15,48.79,http://geothermal.earth.lsa.umich.edu/DATA/CA-8725.html,J-C Mareschal,CA
170,CA-8736,-75.85,49.60,http://geothermal.earth.lsa.umich.edu/DATA/CA-8736.html,J-C Mareschal,CA
171,CA-8740,-75.87,49.62,http://geothermal.earth.lsa.umich.edu/DATA/CA-8740.html,J-C Mareschal,CA
172,CA-8742,-74.81,49.79,http://geothermal.earth.lsa.umich.edu/DATA/CA-8742.html,J-C Mareschal,CA
173,CA-8743,-74.81,49.80,http://geothermal.earth.lsa.umich.edu/DATA/CA-8743.html,J-C Mareschal,CA
174,CA-8744,-77.73,49.72,http://geothermal.earth.lsa.umich.edu/DATA/CA-8744.html,J-C Mareschal,CA
175,CA-8745,-77.73,49.71,http://geothermal.earth.lsa.umich.edu/DATA/CA-8745.html,J-C Mareschal,CA
176,CA-8746,-77.74,49.72,http://geothermal.earth.lsa.umich.edu/DATA/CA-8746.html,J-C Mareschal,CA
177,CA-8810,-78.71,47.40,http://geothermal.earth.lsa.umich.edu/DATA/CA-8810.html,J-C Mareschal,CA
178,CA-8811,-78.71,47.40,http://geothermal.earth.lsa.umich.edu/DATA/CA-8811.html,J-C Mareschal,CA
179,CA-8812,-78.71,47.40,http://geothermal.earth.lsa.umich.edu/DATA/CA-8812.html,J-C Mareschal,CA
180,CA-8813,-78.71,47.40,http://geothermal.earth.lsa.umich.edu/DATA/CA-8813.html,J-C Mareschal,CA
181,CA-8814,-77.45,44.50,http://geothermal.earth.lsa.umich.edu/DATA/CA-8814.html,J-C Mareschal,CA
182,CA-8820,-77.79,44.53,http://geothermal.earth.lsa.umich.edu/DATA/CA-8820.html,J-C Mareschal,CA
183,CA-8901,-78.72,43.87,http://geothermal.earth.lsa.umich.edu/DATA/CA-8901.html,J-C Mareschal,CA
184,CA-8907,-78.50,44.86,http://geothermal.earth.lsa.umich.edu/DATA/CA-8907.html,J-C Mareschal,CA
185,CA-8910,-77.72,44.87,http://geothermal.earth.lsa.umich.edu/DATA/CA-8910.html,J-C Mareschal,CA
186,CA-8911,-77.72,44.87,http://geothermal.earth.lsa.umich.edu/DATA/CA-8911.html,J-C Mareschal,CA
187,CA-8917,-77.18,44.72,http://geothermal.earth.lsa.umich.edu/DATA/CA-8917.html,J-C Mareschal,CA
188,CA-8920,-77.18,44.72,http://geothermal.earth.lsa.umich.edu/DATA/CA-8920.html,J-C Mareschal,CA
189,CA-8925,-81.07,46.44,http://geothermal.earth.lsa.umich.edu/DATA/CA-8925.html,J-C Mareschal,CA
190,CA-8926,-81.05,46.43,http://geothermal.earth.lsa.umich.edu/DATA/CA-8926.html,J-C Mareschal,CA
191,CA-8927,-81.05,46.43,http://geothermal.earth.lsa.umich.edu/DATA/CA-8927.html,J-C Mareschal,CA
192,CA-8928,-72.77,49.47,http://geothermal.earth.lsa.umich.edu/DATA/CA-8928.html,J-C Mareschal,CA
193,CA-9001,-77.53,48.06,http://geothermal.earth.lsa.umich.edu/DATA/CA-9001.html,J-C Mareschal,CA
194,CA-9008,-74.17,49.89,http://geothermal.earth.lsa.umich.edu/DATA/CA-9008.html,J-C Mareschal,CA
195,CA-9009,-74.17,49.90,http://geothermal.earth.lsa.umich.edu/DATA/CA-9009.html,J-C Mareschal,CA
196,CA-9010,-74.33,49.88,http://geothermal.earth.lsa.umich.edu/DATA/CA-9010.html,J-C Mareschal,CA
197,CA-9012,-74.33,49.88,http://geothermal.earth.lsa.umich.edu/DATA/CA-9012.html,J-C Mareschal,CA
198,CA-9013,-70.09,47.70,http://geothermal.earth.lsa.umich.edu/DATA/CA-9013.html,J-C Mareschal,CA
199,CA-9101,-77.58,48.13,http://geothermal.earth.lsa.umich.edu/DATA/CA-9101.html,J-C Mareschal,CA
200,CA-9103,-77.60,48.14,http://geothermal.earth.lsa.umich.edu/DATA/CA-9103.html,J-C Mareschal,CA
201,CA-9105,-78.44,48.25,http://geothermal.earth.lsa.umich.edu/DATA/CA-9105.html,J-C Mareschal,CA
202,CA-9111,-80.28,48.51,http://geothermal.earth.lsa.umich.edu/DATA/CA-9111.html,J-C Mareschal,CA
203,CA-9114,-79.72,48.52,http://geothermal.earth.lsa.umich.edu/DATA/CA-9114.html,J-C Mareschal,CA
204,CA-9115,-79.72,48.52,http://geothermal.earth.lsa.umich.edu/DATA/CA-9115.html,J-C Mareschal,CA
205,CA-9116,-79.72,48.52,http://geothermal.earth.lsa.umich.edu/DATA/CA-9116.html,J-C Mareschal,CA
206,CA-9202,-76.65,49.24,http://geothermal.earth.lsa.umich.edu/DATA/CA-9202.html,J-C Mareschal,CA
207,CA-9203,-76.65,49.24,http://geothermal.earth.lsa.umich.edu/DATA/CA-9203.html,J-C Mareschal,CA
208,CA-9204,-75.98,49.60,http://geothermal.earth.lsa.umich.edu/DATA/CA-9204.html,J-C Mareschal,CA
209,CA-9206,-76.17,49.49,http://geothermal.earth.lsa.umich.edu/DATA/CA-9206.html,J-C Mareschal,CA
210,CA-9207,-76.17,49.49,http://geothermal.earth.lsa.umich.edu/DATA/CA-9207.html,J-C Mareschal,CA
211,CA-9209,-74.61,49.48,http://geothermal.earth.lsa.umich.edu/DATA/CA-9209.html,J-C Mareschal,CA
212,CA-9211,-74.62,45.48,http://geothermal.earth.lsa.umich.edu/DATA/CA-9211.html,J-C Mareschal,CA
213,CA-9212,-77.69,48.53,http://geothermal.earth.lsa.umich.edu/DATA/CA-9212.html,J-C Mareschal,CA
214,CA-9213,-77.69,48.53,http://geothermal.earth.lsa.umich.edu/DATA/CA-9213.html,J-C Mareschal,CA
215,CA-9214,-77.69,48.53,http://geothermal.earth.lsa.umich.edu/DATA/CA-9214.html,J-C Mareschal,CA
216,CA-9301,-98.64,54.88,http://geothermal.earth.lsa.umich.edu/DATA/CA-9301.html,J-C Mareschal,CA
217,CA-9302,-98.64,54.88,http://geothermal.earth.lsa.umich.edu/DATA/CA-9302.html,J-C Mareschal,CA
218,CA-9305,-101.83,54.72,http://geothermal.earth.lsa.umich.edu/DATA/CA-9305.html,J-C Mareschal,CA
219,CA-9306,-100.38,54.57,http://geothermal.earth.lsa.umich.edu/DATA/CA-9306.html,J-C Mareschal,CA
220,CA-9307,-101.89,54.79,http://geothermal.earth.lsa.umich.edu/DATA/CA-9307.html,J-C Mareschal,CA
221,CA-9308,-99.98,54.87,http://geothermal.earth.lsa.umich.edu/DATA/CA-9308.html,J-C Mareschal,CA
222,CA-9309,-99.95,54.85,http://geothermal.earth.lsa.umich.edu/DATA/CA-9309.html,J-C Mareschal,CA
223,CA-9400,-66.64,50.21,http://geothermal.earth.lsa.umich.edu/DATA/CA-9400.html,J-C Mareschal,CA
224,CA-9402,-66.43,50.30,http://geothermal.earth.lsa.umich.edu/DATA/CA-9402.html,J-C Mareschal,CA
225,CA-9405,-97.90,55.70,http://geothermal.earth.lsa.umich.edu/DATA/CA-9405.html,J-C Mareschal,CA
226,CA-9407,-97.82,55.74,http://geothermal.earth.lsa.umich.edu/DATA/CA-9407.html,J-C Mareschal,CA
227,CA-9408,-97.67,55.91,http://geothermal.earth.lsa.umich.edu/DATA/CA-9408.html,J-C Mareschal,CA
228,CA-9409,-97.68,55.90,http://geothermal.earth.lsa.umich.edu/DATA/CA-9409.html,J-C Mareschal,CA
229,CA-9410,-98.13,55.49,http://geothermal.earth.lsa.umich.edu/DATA/CA-9410.html,J-C Mareschal,CA
230,CA-9411,-98.13,55.49,http://geothermal.earth.lsa.umich.edu/DATA/CA-9411.html,J-C Mareschal,CA
231,CA-9413,-97.81,55.75,http://geothermal.earth.lsa.umich.edu/DATA/CA-9413.html,J-C Mareschal,CA
232,CA-9501,-101.85,54.64,http://geothermal.earth.lsa.umich.edu/DATA/CA-9501.html,J-C Mareschal,CA
233,CA-9502,-100.23,54.21,http://geothermal.earth.lsa.umich.edu/DATA/CA-9502.html,J-C Mareschal,CA
234,CA-9504,-103.20,54.58,http://geothermal.earth.lsa.umich.edu/DATA/CA-9504.html,J-C Mareschal,CA
235,CA-9505,-101.74,54.86,http://geothermal.earth.lsa.umich.edu/DATA/CA-9505.html,J-C Mareschal,CA
236,CA-9506,-103.20,54.58,http://geothermal.earth.lsa.umich.edu/DATA/CA-9506.html,J-C Mareschal,CA
237,CA-9510,-74.03,49.79,http://geothermal.earth.lsa.umich.edu/DATA/CA-9510.html,J-C Mareschal,CA
238,CA-9511,-74.47,51.01,http://geothermal.earth.lsa.umich.edu/DATA/CA-9511.html,J-C Mareschal,CA
239,CA-9512,-74.47,51.01,http://geothermal.earth.lsa.umich.edu/DATA/CA-9512.html,J-C Mareschal,CA
240,CA-9513,-99.61,56.48,http://geothermal.earth.lsa.umich.edu/DATA/CA-9513.html,J-C Mareschal,CA
241,CA-9514,-100.95,56.73,http://geothermal.earth.lsa.umich.edu/DATA/CA-9514.html,J-C Mareschal,CA
242,CA-9516,-100.44,56.91,http://geothermal.earth.lsa.umich.edu/DATA/CA-9516.html,J-C Mareschal,CA
243,CA-9517,-100.44,56.91,http://geothermal.earth.lsa.umich.edu/DATA/CA-9517.html,J-C Mareschal,CA
244,CA-9519,-101.63,56.63,http://geothermal.earth.lsa.umich.edu/DATA/CA-9519.html,J-C Mareschal,CA
245,CA-9520,-100.44,56.91,http://geothermal.earth.lsa.umich.edu/DATA/CA-9520.html,J-C Mareschal,CA
246,CA-9601,-105.02,55.29,http://geothermal.earth.lsa.umich.edu/DATA/CA-9601.html,J-C Mareschal,CA
247,CA-9603,-103.71,56.13,http://geothermal.earth.lsa.umich.edu/DATA/CA-9603.html,J-C Mareschal,CA
248,CA-9604,-103.70,56.13,http://geothermal.earth.lsa.umich.edu/DATA/CA-9604.html,J-C Mareschal,CA
249,CA-9605,-103.70,56.13,http://geothermal.earth.lsa.umich.edu/DATA/CA-9605.html,J-C Mareschal,CA
250,CA-9608,-102.83,54.64,http://geothermal.earth.lsa.umich.edu/DATA/CA-9608.html,J-C Mareschal,CA
251,CA-9609,-102.06,54.66,http://geothermal.earth.lsa.umich.edu/DATA/CA-9609.html,J-C Mareschal,CA
252,CA-9610,-102.06,54.66,http://geothermal.earth.lsa.umich.edu/DATA/CA-9610.html,J-C Mareschal,CA
253,CA-9614,-101.10,56.83,http://geothermal.earth.lsa.umich.edu/DATA/CA-9614.html,J-C Mareschal,CA
254,CA-9618,-104.56,55.75,http://geothermal.earth.lsa.umich.edu/DATA/CA-9618.html,J-C Mareschal,CA
255,CA-9619,-104.56,55.75,http://geothermal.earth.lsa.umich.edu/DATA/CA-9619.html,J-C Mareschal,CA
256,CA-9620,-104.56,55.75,http://geothermal.earth.lsa.umich.edu/DATA/CA-9620.html,J-C Mareschal,CA
257,CA-9622,-104.55,55.75,http://geothermal.earth.lsa.umich.edu/DATA/CA-9622.html,J-C Mareschal,CA
258,CA-9702,-97.46,55.17,http://geothermal.earth.lsa.umich.edu/DATA/CA-9702.html,J-C Mareschal,CA
259,CA-9801,-100.11,54.85,http://geothermal.earth.lsa.umich.edu/DATA/CA-9801.html,J-C Mareschal,CA
260,CA-9803,-101.97,54.62,http://geothermal.earth.lsa.umich.edu/DATA/CA-9803.html,J-C Mareschal,CA
261,CA-9804,-100.76,55.16,http://geothermal.earth.lsa.umich.edu/DATA/CA-9804.html,J-C Mareschal,CA
262,CA-9806,-101.57,54.79,http://geothermal.earth.lsa.umich.edu/DATA/CA-9806.html,J-C Mareschal,CA
263,CA-9807,-101.57,54.79,http://geothermal.earth.lsa.umich.edu/DATA/CA-9807.html,J-C Mareschal,CA
264,CA-9808,-102.74,55.87,http://geothermal.earth.lsa.umich.edu/DATA/CA-9808.html,J-C Mareschal,CA
265,CA-9809,-102.74,55.87,http://geothermal.earth.lsa.umich.edu/DATA/CA-9809.html,J-C Mareschal,CA
266,CA-9812,-97.76,55.83,http://geothermal.earth.lsa.umich.edu/DATA/CA-9812.html,J-C Mareschal,CA
267,CA-9813,-97.78,55.83,http://geothermal.earth.lsa.umich.edu/DATA/CA-9813.html,J-C Mareschal,CA
268,CA-9814,-98.13,55.49,http://geothermal.earth.lsa.umich.edu/DATA/CA-9814.html,J-C Mareschal,CA
269,CA-9815,-98.13,55.49,http://geothermal.earth.lsa.umich.edu/DATA/CA-9815.html,J-C Mareschal,CA
270,CA-9816,-98.13,55.49,http://geothermal.earth.lsa.umich.edu/DATA/CA-9816.html,J-C Mareschal,CA
271,CA-9817,-98.13,55.49,http://geothermal.earth.lsa.umich.edu/DATA/CA-9817.html,J-C Mareschal,CA
272,CA-9818,-100.21,54.76,http://geothermal.earth.lsa.umich.edu/DATA/CA-9818.html,J-C Mareschal,CA
273,CA-9819,-100.22,54.76,http://geothermal.earth.lsa.umich.edu/DATA/CA-9819.html,J-C Mareschal,CA
274,CA-9820,-66.64,50.21,http://geothermal.earth.lsa.umich.edu/DATA/CA-9820.html,J-C Mareschal,CA
275,CA-9821,-62.11,56.33,http://geothermal.earth.lsa.umich.edu/DATA/CA-9821.html,J-C Mareschal,CA
276,CA-9822,-62.11,56.33,http://geothermal.earth.lsa.umich.edu/DATA/CA-9822.html,J-C Mareschal,CA
277,CA-9823,-62.05,56.32,http://geothermal.earth.lsa.umich.edu/DATA/CA-9823.html,J-C Mareschal,CA
278,CA-9824,-62.05,56.32,http://geothermal.earth.lsa.umich.edu/DATA/CA-9824.html,J-C Mareschal,CA
279,CA-9901,-101.50,54.72,http://geothermal.earth.lsa.umich.edu/DATA/CA-9901.html,J-C Mareschal,CA
280,CA-9904,-101.36,55.20,http://geothermal.earth.lsa.umich.edu/DATA/CA-9904.html,J-C Mareschal,CA
281,CA-9905,-101.36,55.20,http://geothermal.earth.lsa.umich.edu/DATA/CA-9905.html,J-C Mareschal,CA
282,CA-9906,-101.84,54.77,http://geothermal.earth.lsa.umich.edu/DATA/CA-9906.html,J-C Mareschal,CA
283,CA-9907,-100.56,54.93,http://geothermal.earth.lsa.umich.edu/DATA/CA-9907.html,J-C Mareschal,CA
284,CA-9912,-104.55,55.75,http://geothermal.earth.lsa.umich.edu/DATA/CA-9912.html,J-C Mareschal,CA
285,CA-9913,-104.58,55.75,http://geothermal.earth.lsa.umich.edu/DATA/CA-9913.html,J-C Mareschal,CA
286,CA-9915,-104.56,55.76,http://geothermal.earth.lsa.umich.edu/DATA/CA-9915.html,J-C Mareschal,CA
287,CA-9916,-104.56,55.75,http://geothermal.earth.lsa.umich.edu/DATA/CA-9916.html,J-C Mareschal,CA
288,CA-9917,-103.14,56.15,http://geothermal.earth.lsa.umich.edu/DATA/CA-9917.html,J-C Mareschal,CA
289,CA-9918,-103.12,56.16,http://geothermal.earth.lsa.umich.edu/DATA/CA-9918.html,J-C Mareschal,CA
290,CA-9919,-103.14,56.15,http://geothermal.earth.lsa.umich.edu/DATA/CA-9919.html,J-C Mareschal,CA
291,CA-9920,-109.54,58.38,http://geothermal.earth.lsa.umich.edu/DATA/CA-9920.html,J-C Mareschal,CA
292,CA-9921,-109.52,58.23,http://geothermal.earth.lsa.umich.edu/DATA/CA-9921.html,J-C Mareschal,CA
293,CA-9922,-109.52,58.23,http://geothermal.earth.lsa.umich.edu/DATA/CA-9922.html,J-C Mareschal,CA
294,CA-9923,-109.52,58.23,http://geothermal.earth.lsa.umich.edu/DATA/CA-9923.html,J-C Mareschal,CA
295,CA-JM-a,-107.12,52.02,http://geothermal.earth.lsa.umich.edu/DATA/CA-JM-a.html,J. Majorowicz,CA
296,CA-JM-b,-106.96,50.92,http://geothermal.earth.lsa.umich.edu/DATA/CA-JM-b.html,J. Majorowicz,CA
297,CA-Turtle,-100.50,49.20,http://geothermal.earth.lsa.umich.edu/DATA/CA-Turtle.html,W.D. Gosnold,US
298,CA-WOOD,-106.40,49.40,http://geothermal.earth.lsa.umich.edu/DATA/CA-WOOD.html,W.D. Gosnold,US
299,US-AL7-6,-86.02,33.27,http://geothermal.earth.lsa.umich.edu/DATA/US-AL7-6.html,R.F. Roy,US
300,US-ALclay4,-86.80,33.50,http://geothermal.earth.lsa.umich.edu/DATA/US-ALclay4.html,S.R. Durrans,AL
301,US-ALclay6,-86.80,33.50,http://geothermal.earth.lsa.umich.edu/DATA/US-ALclay6.html,S.R. Durrans,AL
302,US-AZ3-6,-110.60,33.03,http://geothermal.earth.lsa.umich.edu/DATA/US-AZ3-6.html,J.H. Sass,US
303,US-AZ3-8,-111.00,31.97,http://geothermal.earth.lsa.umich.edu/DATA/US-AZ3-8.html,J.H. Sass,US
304,US-AZ7-12,-110.80,31.87,http://geothermal.earth.lsa.umich.edu/DATA/US-AZ7-12.html,R.F. Roy,US
305,US-AZ7-13,-113.10,35.13,http://geothermal.earth.lsa.umich.edu/DATA/US-AZ7-13.html,R.F. Roy,US
306,US-AZ7-16,-114.30,33.63,http://geothermal.earth.lsa.umich.edu/DATA/US-AZ7-16.html,R.F. Roy,US
307,US-AZ7-17,-114.30,33.63,http://geothermal.earth.lsa.umich.edu/DATA/US-AZ7-17.html,R.F. Roy,US
308,US-AZ7-18,-114.30,33.63,http://geothermal.earth.lsa.umich.edu/DATA/US-AZ7-18.html,R.F. Roy,US
309,US-AZ7-20,-110.70,31.83,http://geothermal.earth.lsa.umich.edu/DATA/US-AZ7-20.html,R.F. Roy,US
310,US-AZ7-22,-111.10,31.88,http://geothermal.earth.lsa.umich.edu/DATA/US-AZ7-22.html,R.F. Roy,US
311,US-AZ7-23,-111.10,31.88,http://geothermal.earth.lsa.umich.edu/DATA/US-AZ7-23.html,R.F. Roy,US
312,US-AZ7-24,-111.10,31.88,http://geothermal.earth.lsa.umich.edu/DATA/US-AZ7-24.html,R.F. Roy,US
313,US-AZ7-25,-111.10,31.88,http://geothermal.earth.lsa.umich.edu/DATA/US-AZ7-25.html,R.F. Roy,US
314,US-CA3-25,-122.80,39.70,http://geothermal.earth.lsa.umich.edu/DATA/US-CA3-25.html,J.H. Sass,US
315,US-CA3-38,-119.30,35.27,http://geothermal.earth.lsa.umich.edu/DATA/US-CA3-38.html,J.H. Sass,US
316,US-CA3-41,-118.90,37.13,http://geothermal.earth.lsa.umich.edu/DATA/US-CA3-41.html,A.H. Lachenbruch,US
317,US-CA3-43,-119.30,37.10,http://geothermal.earth.lsa.umich.edu/DATA/US-CA3-43.html,A.H. Lachenbruch,US
318,US-CA7-28,-120.60,38.87,http://geothermal.earth.lsa.umich.edu/DATA/US-CA7-28.html,R.F. Roy,US
319,US-CA7-29,-121.10,38.83,http://geothermal.earth.lsa.umich.edu/DATA/US-CA7-29.html,R.F. Roy,US
320,US-CA7-31,-120.50,38.55,http://geothermal.earth.lsa.umich.edu/DATA/US-CA7-31.html,R.F. Roy,US
321,US-CO3-73,-108.30,40.05,http://geothermal.earth.lsa.umich.edu/DATA/US-CO3-73.html,J.H. Sass,US
322,US-CO3-75,-108.40,39.97,http://geothermal.earth.lsa.umich.edu/DATA/US-CO3-75.html,J.H. Sass,US
323,US-CO5-14,-105.50,38.27,http://geothermal.earth.lsa.umich.edu/DATA/US-CO5-14.html,"Decker, Birch",US
324,US-CO5-15,-105.50,38.27,http://geothermal.earth.lsa.umich.edu/DATA/US-CO5-15.html,"Decker, Birch",US
325,US-CO5-20,-105.20,39.78,http://geothermal.earth.lsa.umich.edu/DATA/US-CO5-20.html,"Roy, Decker",US
326,US-CO5-22,-106.10,39.43,http://geothermal.earth.lsa.umich.edu/DATA/US-CO5-22.html,"Decker, Birch",US
327,US-CO5-23,-107.60,37.93,http://geothermal.earth.lsa.umich.edu/DATA/US-CO5-23.html,"Decker, Birch",US
328,US-CO5-24,-107.00,39.00,http://geothermal.earth.lsa.umich.edu/DATA/US-CO5-24.html,"Roy, Decker",US
329,US-CO5-25,-108.30,39.95,http://geothermal.earth.lsa.umich.edu/DATA/US-CO5-25.html,R.F. Roy,US
330,US-CO5-31,-105.40,38.13,http://geothermal.earth.lsa.umich.edu/DATA/US-CO5-31.html,Siems,US
331,US-CO5-32,-105.40,38.15,http://geothermal.earth.lsa.umich.edu/DATA/US-CO5-32.html,Siems,US
332,US-CO5-6,-105.50,39.87,http://geothermal.earth.lsa.umich.edu/DATA/US-CO5-6.html,"Decker, Birch",US
333,US-CO5-8,-106.50,38.68,http://geothermal.earth.lsa.umich.edu/DATA/US-CO5-8.html,"Decker, Birch",US
334,US-DC6-61,-77.00,39.00,http://geothermal.earth.lsa.umich.edu/DATA/US-DC6-61.html,W.H. Diment,US
335,US-DC6-62,-77.00,39.00,http://geothermal.earth.lsa.umich.edu/DATA/US-DC6-62.html,W.H. Diment,US
336,US-DC6-63,-77.00,39.00,http://geothermal.earth.lsa.umich.edu/DATA/US-DC6-63.html,W.H. Diment,US
337,US-GLEN95,-101.20,48.50,http://geothermal.earth.lsa.umich.edu/DATA/US-GLEN95.html,W.D. Gosnold,US
338,US-GSEL-02,-116.03,41.60,http://geothermal.earth.lsa.umich.edu/DATA/US-GSEL-02.html,J.H. Sass,US
339,US-GSNY-07,-117.82,38.88,http://geothermal.earth.lsa.umich.edu/DATA/US-GSNY-07.html,J.H. Sass,US
340,US-GSST-3,-118.81,38.37,http://geothermal.earth.lsa.umich.edu/DATA/US-GSST-3.html,J.H. Sass,US
341,US-HAY955,-102.70,42.60,http://geothermal.earth.lsa.umich.edu/DATA/US-HAY955.html,W.D. Gosnold,US
342,US-HAYSPR,-102.70,42.60,http://geothermal.earth.lsa.umich.edu/DATA/US-HAYSPR.html,W.D. Gosnold,US
343,US-IA7-33,-95.19,43.17,http://geothermal.earth.lsa.umich.edu/DATA/US-IA7-33.html,R.F. Roy,US
344,US-KEN95,-99.80,43.80,http://geothermal.earth.lsa.umich.edu/DATA/US-KEN95.html,W.D. Gosnold,US
345,US-M952M,-101.50,48.30,http://geothermal.earth.lsa.umich.edu/DATA/US-M952M.html,W.D. Gosnold,US
346,US-ME7-34,-68.62,44.40,http://geothermal.earth.lsa.umich.edu/DATA/US-ME7-34.html,"Birch, Roy",US
347,US-ME7-35,-70.62,44.05,http://geothermal.earth.lsa.umich.edu/DATA/US-ME7-35.html,"Birch, Roy",US
348,US-MI7-40,-88.02,47.40,http://geothermal.earth.lsa.umich.edu/DATA/US-MI7-40.html,R.F. Roy,US
349,US-MI7-41,-89.57,46.75,http://geothermal.earth.lsa.umich.edu/DATA/US-MI7-41.html,R.F. Roy,US
350,US-MI7-42,-89.57,46.73,http://geothermal.earth.lsa.umich.edu/DATA/US-MI7-42.html,R.F. Roy,US
351,US-MINOT,-101.30,48.50,http://geothermal.earth.lsa.umich.edu/DATA/US-MINOT.html,W.D. Gosnold,US
352,US-MN5-34,-91.72,47.82,http://geothermal.earth.lsa.umich.edu/DATA/US-MN5-34.html,R.F. Roy,US
353,US-MN5-35,-91.72,47.82,http://geothermal.earth.lsa.umich.edu/DATA/US-MN5-35.html,R.F. Roy,US
354,US-MND84,-101.50,48.40,http://geothermal.earth.lsa.umich.edu/DATA/US-MND84.html,W.D. Gosnold,US
355,US-MT2-14,-112.30,46.72,http://geothermal.earth.lsa.umich.edu/DATA/US-MT2-14.html,D.D. Blackwell,US
356,US-MT2-8,-109.90,45.05,http://geothermal.earth.lsa.umich.edu/DATA/US-MT2-8.html,D.D. Blackwell,US
357,US-MT3-83,-109.90,45.38,http://geothermal.earth.lsa.umich.edu/DATA/US-MT3-83.html,J.H. Sass,US
358,US-MT3-84,-109.90,45.38,http://geothermal.earth.lsa.umich.edu/DATA/US-MT3-84.html,J.H. Sass,US
359,US-NH7-72,-72.13,42.78,http://geothermal.earth.lsa.umich.edu/DATA/US-NH7-72.html,F. Birch,US
360,US-NJ6-10,-74.60,41.08,http://geothermal.earth.lsa.umich.edu/DATA/US-NJ6-10.html,W.H. Diment,US
361,US-NJ6-8,-74.58,41.10,http://geothermal.earth.lsa.umich.edu/DATA/US-NJ6-8.html,W.H. Diment,US
362,US-NM3-160,-107.20,36.68,http://geothermal.earth.lsa.umich.edu/DATA/US-NM3-160.html,F. Birch,US
363,US-NM5-38,-106.10,35.47,http://geothermal.earth.lsa.umich.edu/DATA/US-NM5-38.html,F. Birch,US
364,US-NM5-40,-105.40,32.02,http://geothermal.earth.lsa.umich.edu/DATA/US-NM5-40.html,F. Birch,US
365,US-NM5-43,-108.30,31.85,http://geothermal.earth.lsa.umich.edu/DATA/US-NM5-43.html,F. Birch,US
366,US-NM5-47,-108.70,32.33,http://geothermal.earth.lsa.umich.edu/DATA/US-NM5-47.html,F. Birch,US
367,US-NM5-48,-108.70,32.33,http://geothermal.earth.lsa.umich.edu/DATA/US-NM5-48.html,F. Birch,US
368,US-NM5-52,-105.40,36.72,http://geothermal.earth.lsa.umich.edu/DATA/US-NM5-52.html,F. Birch,US
369,US-NM5-56,-108.00,32.80,http://geothermal.earth.lsa.umich.edu/DATA/US-NM5-56.html,F. Birch,US
370,US-NV3-120,-114.50,37.97,http://geothermal.earth.lsa.umich.edu/DATA/US-NV3-120.html,J.H. Sass,US
371,US-NV3-130,-117.80,38.32,http://geothermal.earth.lsa.umich.edu/DATA/US-NV3-130.html,J.H. Sass,US
372,US-NV3-131,-117.80,38.32,http://geothermal.earth.lsa.umich.edu/DATA/US-NV3-131.html,J.H. Sass,US
373,US-NV3-134,-116.90,38.57,http://geothermal.earth.lsa.umich.edu/DATA/US-NV3-134.html,"Munroe, Moses",US
374,US-NV3-138,-118.30,39.20,http://geothermal.earth.lsa.umich.edu/DATA/US-NV3-138.html,J.H. Sass,US
375,US-NV3-139,-118.30,39.20,http://geothermal.earth.lsa.umich.edu/DATA/US-NV3-139.html,J.H. Sass,US
376,US-NV3-140,-118.30,39.20,http://geothermal.earth.lsa.umich.edu/DATA/US-NV3-140.html,J.H. Sass,US
377,US-NV3-141,-118.30,39.20,http://geothermal.earth.lsa.umich.edu/DATA/US-NV3-141.html,J.H. Sass,US
378,US-NV3-151,-116.60,40.30,http://geothermal.earth.lsa.umich.edu/DATA/US-NV3-151.html,J.H. Sass,US
379,US-NV3-91,-116.20,37.18,http://geothermal.earth.lsa.umich.edu/DATA/US-NV3-91.html,J.H. Sass,US
380,US-NV3-92,-117.00,40.68,http://geothermal.earth.lsa.umich.edu/DATA/US-NV3-92.html,J.H. Sass,US
381,US-NV7-47,-115.10,35.48,http://geothermal.earth.lsa.umich.edu/DATA/US-NV7-47.html,R.F. Roy,US
382,US-NV7-48,-115.10,35.38,http://geothermal.earth.lsa.umich.edu/DATA/US-NV7-48.html,R.F. Roy,US
383,US-NV7-49,-117.50,38.23,http://geothermal.earth.lsa.umich.edu/DATA/US-NV7-49.html,R.F. Roy,US
384,US-NV7-50,-117.50,38.23,http://geothermal.earth.lsa.umich.edu/DATA/US-NV7-50.html,R.F. Roy,US
385,US-NV7-51,-117.50,38.23,http://geothermal.earth.lsa.umich.edu/DATA/US-NV7-51.html,R.F. Roy,US
386,US-NV7-55,-117.30,38.32,http://geothermal.earth.lsa.umich.edu/DATA/US-NV7-55.html,R.F. Roy,US
387,US-NV7-56,-117.30,38.32,http://geothermal.earth.lsa.umich.edu/DATA/US-NV7-56.html,R.F. Roy,US
388,US-NV7-62,-117.50,38.32,http://geothermal.earth.lsa.umich.edu/DATA/US-NV7-62.html,R.F. Roy,US
389,US-NV7-66,-114.30,39.28,http://geothermal.earth.lsa.umich.edu/DATA/US-NV7-66.html,R.F. Roy,US
390,US-NV7-67,-114.60,39.08,http://geothermal.earth.lsa.umich.edu/DATA/US-NV7-67.html,R.F. Roy,US
391,US-NV7-68,-114.90,39.07,http://geothermal.earth.lsa.umich.edu/DATA/US-NV7-68.html,R.F. Roy,US
392,US-NY6-11,-75.42,44.25,http://geothermal.earth.lsa.umich.edu/DATA/US-NY6-11.html,Urban,US
393,US-NY6-13,-75.40,44.27,http://geothermal.earth.lsa.umich.edu/DATA/US-NY6-13.html,Urban,US
394,US-NY6-14,-75.40,44.27,http://geothermal.earth.lsa.umich.edu/DATA/US-NY6-14.html,Urban,US
395,US-NY6-29,-74.45,42.45,http://geothermal.earth.lsa.umich.edu/DATA/US-NY6-29.html,Urban,US
396,US-NY6-43,-76.90,42.42,http://geothermal.earth.lsa.umich.edu/DATA/US-NY6-43.html,Urban,US
397,US-NY7-78,-73.62,43.30,http://geothermal.earth.lsa.umich.edu/DATA/US-NY7-78.html,F. Birch,US
398,US-NY7-79,-73.90,44.58,http://geothermal.earth.lsa.umich.edu/DATA/US-NY7-79.html,F. Birch,US
399,US-PA6-49,-75.83,40.35,http://geothermal.earth.lsa.umich.edu/DATA/US-PA6-49.html,Urban,US
400,US-PR6-65,-66.80,18.25,http://geothermal.earth.lsa.umich.edu/DATA/US-PR6-65.html,W.H. Diment,US
401,US-PR6-66,-67.17,18.15,http://geothermal.earth.lsa.umich.edu/DATA/US-PR6-66.html,W.H. Diment,US
402,US-RUSH95,-102.20,42.60,http://geothermal.earth.lsa.umich.edu/DATA/US-RUSH95.html,W.D. Gosnold,US
403,US-SC6-52,-81.67,33.28,http://geothermal.earth.lsa.umich.edu/DATA/US-SC6-52.html,W.H. Diment,US
404,US-SC6-53,-81.67,33.28,http://geothermal.earth.lsa.umich.edu/DATA/US-SC6-53.html,W.H. Diment,US
405,US-SC6-55,-81.67,33.28,http://geothermal.earth.lsa.umich.edu/DATA/US-SC6-55.html,W.H. Diment,US
406,US-TN6-57,-84.32,35.92,http://geothermal.earth.lsa.umich.edu/DATA/US-TN6-57.html,W.H. Diment,US
407,US-TX5-60,-104.80,31.45,http://geothermal.earth.lsa.umich.edu/DATA/US-TX5-60.html,J. Adams,US
408,US-UT3-172,-109.60,39.98,http://geothermal.earth.lsa.umich.edu/DATA/US-UT3-172.html,J.H. Sass,US
409,US-UT7-85,-112.00,39.87,http://geothermal.earth.lsa.umich.edu/DATA/US-UT7-85.html,R.F. Roy,US
410,US-UTSRD-1,-109.67,38.61,http://geothermal.earth.lsa.umich.edu/DATA/US-UTSRD-1.html,R.N. Harris,US
411,US-UTSRD-2,-109.62,38.58,http://geothermal.earth.lsa.umich.edu/DATA/US-UTSRD-2.html,R.N. Harris,US
412,US-UTSRD-3,-109.85,38.71,http://geothermal.earth.lsa.umich.edu/DATA/US-UTSRD-3.html,R.N. Harris,US
413,US-UTSRD-4,-109.87,38.73,http://geothermal.earth.lsa.umich.edu/DATA/US-UTSRD-4.html,R.N. Harris,US
414,US-UTSRD-7,-109.48,38.69,http://geothermal.earth.lsa.umich.edu/DATA/US-UTSRD-7.html,R.N. Harris,US
415,US-UTSRS-3,-109.32,38.80,http://geothermal.earth.lsa.umich.edu/DATA/US-UTSRS-3.html,R.N. Harris,US
416,US-VA6-60,-77.90,36.87,http://geothermal.earth.lsa.umich.edu/DATA/US-VA6-60.html,W.H. Diment,US
417,US-WA2-26,-118.70,48.07,http://geothermal.earth.lsa.umich.edu/DATA/US-WA2-26.html,D.D. Blackwell,US
418,US-WA3-175,-122.80,46.53,http://geothermal.earth.lsa.umich.edu/DATA/US-WA3-175.html,J.H. Sass,US
419,US-WA3-177,-122.80,46.53,http://geothermal.earth.lsa.umich.edu/DATA/US-WA3-177.html,J.H. Sass,US
420,US-WA3-180,-119.20,46.35,http://geothermal.earth.lsa.umich.edu/DATA/US-WA3-180.html,J.H. Sass,US
421,US-WALL94,-102.23,43.74,http://geothermal.earth.lsa.umich.edu/DATA/US-WALL94.html,W.D. Gosnold,US
422,US-WY2-27,-109.20,43.87,http://geothermal.earth.lsa.umich.edu/DATA/US-WY2-27.html,D.D. Blackwell,US
423,US-WY3-184,-109.50,42.77,http://geothermal.earth.lsa.umich.edu/DATA/US-WY3-184.html,J.H. Sass,US
424,US-kiw82,-69.20,45.43,http://geothermal.earth.lsa.umich.edu/DATA/US-kiw82.html,E.R. Decker,US
425,US-lon65,-72.50,43.25,http://geothermal.earth.lsa.umich.edu/DATA/US-lon65.html,H.N. Pollack,US
426,US-luc82,-68.60,44.72,http://geothermal.earth.lsa.umich.edu/DATA/US-luc82.html,E.R. Decker,US
427,US-nha64,-72.00,44.10,http://geothermal.earth.lsa.umich.edu/DATA/US-nha64.html,H.N. Pollack,US
428,US-nha92,-72.00,44.10,http://geothermal.earth.lsa.umich.edu/DATA/US-nha92.html,E.R. Decker,US
429,US-nos65,-72.55,43.33,http://geothermal.earth.lsa.umich.edu/DATA/US-nos65.html,H.N. Pollack,US
430,US-nos92,-72.55,43.33,http://geothermal.earth.lsa.umich.edu/DATA/US-nos92.html,E.R. Decker,US
431,US-sar64,-74.27,44.33,http://geothermal.earth.lsa.umich.edu/DATA/US-sar64.html,H.N. Pollack,US
432,US-sar92,-74.27,44.33,http://geothermal.earth.lsa.umich.edu/DATA/US-sar92.html,E.R. Decker,US
433,US-wad64,-73.47,44.23,http://geothermal.earth.lsa.umich.edu/DATA/US-wad64.html,H.N. Pollack,US
434,US-wes64,-72.82,43.28,http://geothermal.earth.lsa.umich.edu/DATA/US-wes64.html,H.N. Pollack,US
